committee_id,committee_members,recent_posts,events,user_rating
1,61,59,16,9.1
2,24,15,6,9.3
3,81,32,22,9.4
4,70,50,11,3.4
5,30,36,21,4.6
6,92,9,26,8.8
7,96,42,27,4.2
8,84,14,18,6.4
9,84,44,28,2.1
10,97,50,11,1.5
11,33,28,26,4.7
12,12,39,29,6.2
13,31,48,7,4.5
14,62,52,10,6.2
15,11,27,24,5.6
16,97,21,6,7.2
17,39,5,21,6.8
18,47,59,16,4.8
19,11,35,16,4.8
20,73,35,21,2.3
21,69,46,14,5.6
22,30,59,7,6.3
23,42,46,24,5.3
24,85,57,22,3.9
25,67,38,17,7.5
26,31,13,16,1.7
27,98,26,21,9.2
28,58,17,8,1.2
29,68,29,27,9.7
30,51,52,14,5.2
31,69,22,15,4.7
32,89,55,10,3.3
33,24,16,10,1.1
34,71,44,13,3.5
35,71,21,19,2.0
36,56,19,6,6.9
37,71,46,8,3.9
38,60,19,9,7.9
39,64,19,21,2.9
40,73,59,12,9.1
41,12,43,12,5.7
42,60,17,26,2.0
43,16,21,16,4.6
44,30,36,25,2.9
45,82,13,12,2.8
46,48,44,23,5.6
47,27,24,7,7.0
48,13,30,22,9.2
49,98,31,25,5.5
50,69,25,23,9.7
51,23,22,23,9.5
52,18,17,19,8.8
53,99,20,10,5.5
54,62,13,20,2.3
55,11,16,12,3.0
56,93,48,20,6.8
57,69,42,22,4.8
58,80,23,24,2.3
59,53,11,20,5.3
60,17,39,15,1.2
61,56,52,11,7.6
62,44,22,21,1.7
63,87,20,21,6.7
64,90,59,16,8.1
65,45,43,17,2.2
66,59,8,14,5.7
67,13,29,11,8.0
68,11,36,18,3.3
69,15,44,27,2.5
70,63,17,5,4.0
71,13,49,21,6.0
72,63,21,8,6.2
73,72,53,25,2.2
74,27,41,9,5.1
75,99,10,24,3.4
76,53,23,28,8.6
77,43,17,27,3.8
78,83,30,29,8.5
79,71,18,11,4.9
80,23,35,14,7.5
81,57,58,21,5.6
82,24,8,11,6.6
83,81,43,5,4.6
84,87,12,11,7.9
85,96,29,28,4.8
86,71,17,15,5.1
87,49,36,13,5.7
88,94,42,16,8.5
89,89,42,7,6.9
90,91,32,8,4.1
91,62,57,8,7.0
92,33,34,29,6.8
93,35,7,17,9.4
94,98,32,27,8.6
95,69,7,23,6.8
96,50,49,14,4.1
97,38,58,9,8.0
98,24,38,11,6.2
99,54,20,28,9.9
100,74,26,20,3.2
101,98,36,5,1.7
102,80,42,16,1.6
103,18,12,6,6.8
104,97,59,11,9.5
105,10,12,15,1.0
106,17,10,17,7.5
107,97,18,6,6.9
108,72,36,11,7.6
109,20,39,19,4.2
110,90,14,29,8.4
111,17,7,15,1.4
112,44,16,6,7.8
113,44,53,11,3.4
114,42,35,8,5.3
115,14,33,15,8.4
116,50,9,6,3.4
117,37,56,20,2.7
118,16,29,11,7.1
119,82,45,17,5.8
120,81,35,9,5.6
121,21,25,21,3.3
122,43,24,25,1.3
123,42,43,16,4.7
124,57,26,23,2.0
125,32,8,11,9.2
126,71,17,10,1.4
127,97,49,12,4.9
128,46,46,17,1.5
129,53,54,9,1.9
130,95,53,6,6.9
131,44,24,13,6.8
132,74,56,15,1.3
133,56,17,28,1.0
134,87,21,10,1.7
135,12,58,11,7.9
136,10,40,29,6.3
137,14,37,11,1.3
138,99,5,23,5.4
139,23,19,10,7.4
140,36,17,15,8.8
141,18,21,15,9.4
142,88,28,11,3.9
143,24,12,6,2.2
144,99,54,23,3.1
145,51,31,8,8.0
146,86,49,10,9.7
147,60,27,21,5.2
148,72,50,29,3.7
149,61,12,9,4.9
150,13,12,11,3.7
151,32,30,13,3.3
152,24,51,29,6.3
153,52,17,5,1.1
154,38,43,5,3.3
155,45,41,23,7.0
156,22,53,10,1.3
157,41,32,22,1.7
158,80,29,14,3.6
159,68,20,15,8.9
160,95,59,5,7.9
161,37,6,5,1.2
162,75,58,17,5.5
163,51,22,9,3.5
164,54,21,24,6.8
165,71,34,5,7.5
166,66,43,24,8.8
167,15,17,7,5.3
168,37,36,22,10.0
169,37,54,13,9.8
170,53,33,18,8.9
171,93,50,21,6.2
172,39,34,27,4.6
173,71,22,18,4.3
174,84,17,8,1.1
175,98,47,9,3.2
176,71,25,25,7.5
177,10,34,21,6.4
178,36,25,26,9.2
179,71,52,29,1.5
180,86,59,6,2.4
181,12,21,27,8.1
182,79,44,26,4.2
183,81,23,9,2.1
184,36,56,8,10.0
185,18,19,8,8.1
186,71,13,10,4.7
187,46,56,24,8.4
188,60,14,25,7.1
189,53,48,17,8.1
190,33,35,26,8.3
191,88,57,9,1.8
192,68,27,27,6.6
193,41,56,29,1.1
194,97,34,27,1.4
195,61,37,11,9.1
196,71,56,24,5.7
197,67,13,5,7.6
198,61,58,18,8.5
199,21,51,28,9.5
200,48,5,8,8.8
201,11,48,21,5.3
202,12,39,25,4.0
203,65,15,18,2.4
204,90,38,20,4.6
205,68,20,18,4.3
206,11,13,20,6.0
207,11,36,28,7.0
208,63,19,24,9.8
209,96,16,12,7.6
210,10,37,28,6.8
211,28,49,7,4.0
212,11,18,29,1.3
213,62,12,23,3.6
214,53,12,5,7.9
215,99,31,6,2.8
216,41,16,19,7.4
217,79,5,26,6.2
218,41,47,14,2.5
219,77,44,22,3.4
220,64,46,26,5.5
221,84,55,18,4.8
222,65,15,21,8.0
223,26,43,17,7.6
224,47,47,5,6.2
225,33,35,9,8.4
226,78,21,17,6.1
227,79,37,29,9.7
228,95,36,18,3.0
229,20,33,28,7.4
230,25,25,7,4.3
231,82,25,19,3.5
232,68,44,23,2.6
233,79,27,21,6.0
234,89,10,7,2.9
235,12,26,20,2.8
236,29,54,18,9.9
237,68,42,16,8.2
238,45,41,16,7.7
239,28,49,15,8.1
240,99,55,21,9.7
241,76,58,12,6.2
242,28,12,21,3.0
243,29,45,25,8.8
244,80,53,29,7.7
245,61,39,27,4.7
246,42,55,24,5.3
247,49,15,15,4.7
248,48,28,29,9.4
249,91,53,29,4.1
250,10,25,6,9.7
251,20,55,14,9.2
252,66,6,14,6.7
253,98,44,15,6.2
254,59,23,10,4.3
255,32,43,8,1.2
256,40,32,28,2.1
257,51,21,16,7.8
258,16,10,15,5.2
259,25,23,27,2.3
260,99,42,27,3.4
261,69,32,29,9.5
262,11,6,17,4.3
263,10,42,9,9.2
264,57,59,10,3.7
265,21,41,5,5.9
266,78,55,10,1.2
267,46,56,22,5.7
268,41,8,26,6.7
269,18,26,13,3.1
270,28,30,28,6.2
271,57,53,29,6.8
272,89,47,19,7.2
273,12,40,12,8.0
274,29,17,23,3.8
275,33,56,28,6.1
276,63,36,20,9.8
277,42,21,10,9.1
278,33,45,10,9.6
279,84,40,26,4.5
280,81,59,7,8.1
281,45,50,14,6.6
282,47,23,5,1.7
283,93,39,18,8.4
284,98,50,8,7.1
285,34,44,16,2.8
286,27,32,10,1.7
287,91,5,15,8.5
288,75,46,16,1.7
289,63,22,14,1.8
290,44,52,22,4.8
291,89,44,11,2.2
292,70,37,11,9.2
293,50,16,15,5.2
294,42,12,8,6.1
295,77,28,24,9.4
296,42,20,5,5.8
297,23,54,17,4.2
298,30,8,22,8.2
299,57,42,13,5.0
300,29,48,28,3.9
301,17,31,28,7.5
302,16,13,13,8.2
303,76,51,27,8.1
304,26,20,13,9.8
305,42,16,14,8.1
306,57,35,6,7.9
307,85,28,10,8.7
308,68,59,19,1.0
309,95,18,7,4.3
310,31,49,15,7.6
311,39,29,10,6.4
312,47,38,7,2.6
313,60,7,28,3.7
314,63,28,15,4.0
315,17,58,19,6.1
316,36,46,17,8.5
317,36,13,24,9.4
318,30,30,14,7.8
319,39,24,10,8.6
320,37,44,19,5.2
321,73,14,29,4.5
322,78,23,22,4.5
323,70,7,22,6.5
324,57,28,11,2.1
325,28,9,19,6.2
326,13,7,22,7.0
327,44,31,22,5.0
328,73,20,24,9.6
329,58,53,13,6.5
330,26,19,28,3.0
331,53,39,6,5.3
332,39,16,12,7.1
333,55,45,24,3.9
334,15,57,6,1.7
335,46,48,15,6.3
336,33,30,11,9.5
337,55,51,10,5.4
338,62,38,14,9.2
339,69,27,9,8.5
340,72,35,15,2.3
341,94,54,5,7.4
342,41,24,6,4.9
343,96,16,28,3.3
344,42,27,5,7.2
345,76,8,23,7.7
346,27,27,6,2.6
347,34,52,25,9.2
348,63,59,24,7.8
349,67,52,27,9.4
350,76,5,25,3.9
351,55,58,28,9.5
352,33,29,8,4.3
353,41,6,16,1.5
354,56,34,26,7.9
355,95,7,24,7.3
356,32,25,22,6.4
357,75,29,5,5.4
358,36,24,5,1.3
359,11,53,28,6.6
360,99,56,18,4.8
361,26,26,8,6.0
362,42,25,9,4.9
363,18,37,15,9.7
364,52,56,28,6.4
365,57,42,27,7.7
366,48,19,17,9.4
367,51,50,20,6.3
368,35,56,28,1.1
369,59,19,17,1.3
370,34,50,28,7.3
371,33,29,26,3.5
372,22,25,6,6.2
373,69,28,20,2.8
374,16,9,10,3.4
375,66,10,18,5.5
376,45,53,5,9.8
377,54,47,21,6.5
378,29,52,15,9.4
379,74,48,23,9.6
380,17,51,7,2.9
381,25,27,15,3.8
382,23,8,9,7.9
383,85,31,21,8.8
384,96,22,26,5.7
385,24,25,11,9.9
386,75,32,14,1.1
387,41,39,15,3.7
388,96,26,7,6.6
389,72,44,24,5.2
390,95,27,14,2.0
391,60,7,14,4.3
392,34,44,18,1.2
393,67,54,16,6.8
394,72,14,19,9.0
395,71,29,14,9.0
396,31,56,14,7.3
397,67,53,23,5.2
398,67,12,5,5.6
399,95,59,28,2.2
400,58,15,14,4.1
401,61,9,6,2.7
402,51,49,21,8.4
403,79,57,28,9.2
404,24,59,11,5.8
405,63,41,11,7.5
406,69,49,24,2.1
407,17,42,13,6.5
408,62,33,26,7.3
409,69,9,6,5.1
410,14,13,18,3.2
411,77,52,21,8.9
412,15,6,5,7.7
413,56,5,13,9.1
414,64,44,24,8.4
415,49,55,25,9.9
416,61,34,23,2.7
417,25,15,8,1.8
418,22,32,12,4.0
419,39,48,17,2.2
420,28,16,8,5.7
421,26,43,13,6.7
422,72,30,13,6.2
423,28,17,26,3.3
424,67,12,22,9.2
425,64,58,16,1.2
426,99,32,14,4.1
427,99,34,15,7.5
428,71,13,11,7.9
429,32,43,13,4.7
430,18,35,10,1.2
431,21,25,23,6.6
432,10,51,20,1.6
433,67,38,19,2.0
434,10,59,11,6.9
435,43,35,20,3.8
436,57,56,9,4.1
437,98,29,20,5.4
438,10,16,5,9.8
439,25,5,23,9.7
440,70,59,9,4.7
441,73,26,11,3.4
442,72,44,23,3.7
443,78,41,26,3.4
444,31,51,9,5.8
445,76,5,21,6.5
446,85,5,26,5.4
447,35,46,12,4.7
448,25,58,5,2.9
449,60,46,6,5.3
450,95,25,19,4.1
451,66,19,24,5.9
452,38,21,22,7.1
453,87,26,15,6.7
454,78,42,29,5.2
455,56,39,14,6.0
456,71,49,28,3.6
457,78,20,28,1.2
458,85,12,8,6.6
459,25,51,9,3.3
460,99,21,8,7.0
461,99,21,17,7.7
462,57,58,29,9.2
463,94,30,17,9.6
464,48,17,22,1.1
465,42,21,28,9.9
466,32,42,6,7.1
467,19,21,20,6.8
468,78,52,5,1.1
469,43,18,23,8.8
470,61,49,13,2.3
471,19,10,7,8.5
472,28,39,29,1.1
473,67,50,11,6.8
474,10,18,14,4.9
475,78,51,5,2.8
476,13,12,14,2.0
477,25,19,25,5.0
478,33,58,13,2.1
479,89,31,19,5.4
480,11,17,19,6.6
481,41,53,7,8.4
482,93,35,29,7.1
483,33,57,9,1.6
484,21,39,13,3.8
485,59,10,26,3.6
486,44,9,13,9.2
487,42,26,27,8.8
488,42,53,11,4.3
489,70,27,28,1.6
490,60,29,27,9.0
491,52,38,16,9.0
492,21,30,29,8.7
493,76,51,13,8.6
494,74,9,10,5.3
495,42,30,27,2.6
496,49,24,6,5.3
497,83,10,13,5.5
498,52,10,21,5.4
499,53,54,5,5.8
500,38,22,23,3.3
501,22,8,10,4.3
502,21,21,9,4.9
503,55,18,6,2.2
504,11,18,13,5.1
505,44,17,18,8.3
506,96,11,8,8.5
507,90,48,8,4.7
508,99,59,25,5.7
509,17,19,19,1.3
510,35,23,12,7.1
511,83,47,8,4.6
512,99,51,20,5.0
513,43,48,25,8.9
514,16,39,8,5.2
515,77,21,20,1.2
516,67,39,26,3.0
517,84,23,16,5.3
518,38,24,20,4.8
519,45,40,23,8.7
520,98,39,12,5.9
521,30,36,10,7.2
522,45,52,14,5.2
523,19,48,9,5.0
524,82,44,22,5.0
525,33,28,14,4.7
526,73,21,14,5.8
527,58,11,11,3.3
528,45,47,22,9.0
529,91,54,5,4.0
530,33,5,11,2.3
531,32,39,25,1.9
532,71,36,5,1.1
533,46,40,19,4.8
534,21,17,8,2.7
535,64,10,24,1.2
536,22,18,14,5.7
537,32,41,27,7.1
538,98,52,13,1.8
539,39,19,6,5.1
540,26,51,18,7.7
541,71,8,20,9.9
542,93,44,5,7.0
543,98,20,6,3.2
544,95,32,11,7.4
545,22,20,14,6.4
546,68,8,26,2.9
547,28,49,24,8.7
548,58,30,5,4.8
549,21,32,17,9.7
550,70,36,5,7.5
551,28,49,9,6.8
552,85,6,20,7.6
553,18,35,19,5.3
554,80,7,21,5.5
555,37,58,27,8.7
556,87,12,20,7.1
557,61,28,17,9.1
558,92,19,15,9.0
559,25,47,21,9.8
560,78,35,21,7.3
561,21,13,6,5.5
562,34,43,17,2.5
563,61,49,18,7.3
564,94,6,15,3.6
565,62,12,14,3.5
566,32,11,7,3.1
567,25,48,21,8.9
568,66,55,19,8.8
569,48,43,13,6.7
570,62,46,14,5.3
571,51,20,12,7.0
572,67,39,25,6.5
573,48,34,17,4.7
574,23,14,22,4.4
575,14,42,9,4.4
576,44,22,10,6.3
577,96,54,21,6.8
578,84,9,15,5.1
579,27,57,24,9.7
580,85,33,20,1.8
581,18,43,13,4.1
582,83,38,6,4.8
583,67,47,9,1.2
584,26,49,5,4.3
585,16,27,8,3.5
586,55,9,8,5.6
587,22,34,26,4.0
588,49,10,29,7.5
589,51,50,7,5.6
590,18,48,13,2.2
591,59,8,26,7.8
592,36,33,27,1.9
593,75,27,16,8.6
594,14,10,14,9.4
595,38,36,6,3.9
596,46,46,15,9.3
597,47,22,14,8.1
598,92,19,26,9.3
599,17,44,10,7.0
600,74,36,22,3.1
601,95,13,6,9.1
602,26,41,6,2.7
603,80,14,14,2.9
604,98,24,20,3.4
605,54,10,16,3.7
606,13,52,5,5.6
607,45,7,25,7.4
608,79,46,12,9.3
609,40,15,20,1.8
610,28,47,22,9.6
611,70,21,17,9.3
612,63,36,19,1.5
613,48,8,25,4.2
614,83,8,16,8.3
615,99,21,12,6.5
616,28,45,14,8.0
617,48,23,18,7.5
618,76,9,9,5.5
619,54,36,22,1.4
620,22,26,23,6.3
621,67,10,19,1.4
622,29,39,10,6.4
623,81,26,15,8.2
624,70,5,25,6.3
625,48,24,15,10.0
626,10,26,24,5.1
627,12,52,24,7.7
628,86,59,25,7.0
629,71,15,22,9.9
630,72,17,29,7.4
631,34,46,22,2.5
632,65,7,14,9.6
633,42,13,6,7.0
634,47,16,13,1.5
635,15,27,18,6.9
636,67,18,23,8.9
637,53,37,14,6.2
638,54,22,27,4.2
639,41,53,8,8.4
640,54,45,10,8.0
641,70,13,18,5.9
642,56,27,8,2.4
643,30,14,19,3.3
644,89,23,20,7.6
645,94,51,11,8.3
646,84,9,21,3.5
647,45,51,23,4.3
648,28,56,23,1.7
649,29,27,21,7.4
650,66,34,10,1.0
651,27,29,15,1.4
652,56,32,20,1.0
653,58,38,29,6.8
654,23,49,12,4.8
655,24,52,15,3.7
656,40,51,11,9.2
657,10,29,28,2.7
658,63,14,26,4.5
659,12,18,29,9.5
660,25,46,23,4.8
661,96,50,14,6.0
662,66,34,13,1.7
663,84,59,8,8.1
664,21,45,27,4.8
665,83,29,19,8.2
666,25,18,17,3.3
667,81,39,29,4.8
668,85,56,6,8.1
669,33,52,6,9.8
670,37,38,20,1.5
671,17,14,13,8.3
672,45,39,17,3.7
673,99,15,7,6.0
674,17,15,13,3.6
675,67,25,17,6.5
676,69,25,25,4.2
677,59,26,26,4.0
678,37,49,6,1.3
679,50,11,12,2.3
680,73,59,13,9.3
681,36,21,20,10.0
682,72,6,6,8.0
683,26,16,10,3.6
684,82,46,26,4.6
685,42,22,12,7.7
686,93,58,9,9.7
687,86,15,13,5.1
688,38,20,5,8.5
689,22,53,13,9.8
690,55,55,14,8.9
691,44,22,27,3.0
692,15,39,8,1.1
693,91,57,7,5.4
694,78,30,14,5.8
695,56,20,19,2.8
696,34,10,15,3.6
697,75,48,18,7.9
698,19,47,10,5.2
699,65,51,16,3.9
700,39,51,17,6.6
701,14,52,21,6.9
702,42,46,20,7.9
703,74,16,7,2.4
704,27,17,6,7.7
705,58,8,15,6.4
706,20,43,13,1.5
707,94,58,7,8.0
708,35,6,22,4.4
709,72,30,24,4.0
710,98,31,19,5.0
711,95,31,18,4.1
712,68,19,6,4.0
713,36,12,21,8.3
714,58,11,26,2.1
715,86,51,12,9.7
716,42,59,14,6.0
717,10,50,22,2.6
718,30,44,29,2.2
719,64,16,23,6.3
720,15,17,12,6.7
721,90,47,12,1.5
722,78,21,7,3.2
723,14,21,7,8.2
724,12,40,16,1.4
725,62,25,26,8.7
726,32,12,21,6.9
727,62,9,8,4.9
728,46,30,21,4.1
729,83,20,18,1.2
730,83,40,23,8.4
731,92,32,13,2.3
732,26,58,25,3.8
733,94,33,16,6.1
734,87,51,9,3.2
735,82,16,15,5.5
736,10,41,24,8.3
737,60,34,7,5.2
738,54,27,25,9.5
739,86,20,19,8.6
740,13,18,18,4.0
741,71,14,15,4.6
742,74,11,24,4.8
743,41,49,12,6.6
744,43,56,8,3.6
745,81,41,16,9.7
746,48,33,12,6.5
747,35,7,10,4.6
748,43,19,19,6.8
749,63,40,16,4.6
750,12,51,20,8.4
751,59,50,20,6.1
752,21,56,25,1.4
753,74,23,24,2.6
754,63,17,24,8.8
755,14,46,8,6.1
756,66,25,15,9.6
757,26,41,17,1.7
758,56,31,13,3.7
759,32,59,8,2.7
760,88,56,16,6.0
761,94,33,13,4.4
762,23,24,17,2.4
763,75,29,20,6.8
764,84,10,10,5.8
765,60,40,14,3.5
766,47,6,17,5.3
767,73,26,11,7.7
768,47,36,23,2.8
769,59,20,28,3.6
770,91,22,23,4.1
771,39,9,21,7.7
772,88,58,17,8.6
773,60,40,17,4.4
774,72,34,25,3.7
775,61,49,6,9.0
776,47,23,14,10.0
777,97,27,26,7.0
778,88,38,17,9.9
779,39,17,13,6.9
780,60,47,5,7.6
781,90,58,18,4.5
782,14,33,20,4.9
783,38,40,24,2.3
784,13,26,19,8.4
785,19,56,5,9.4
786,65,56,21,6.6
787,26,51,28,4.1
788,83,40,17,2.4
789,26,13,19,3.4
790,93,43,20,3.3
791,97,55,20,6.5
792,78,23,6,9.5
793,43,42,21,1.4
794,15,10,15,1.0
795,62,56,12,6.4
796,75,51,24,3.6
797,86,19,7,8.9
798,52,24,16,3.9
799,84,13,24,3.6
800,32,36,20,3.4
801,64,8,18,2.3
802,89,54,20,6.2
803,84,22,25,2.5
804,25,9,21,4.8
805,17,24,15,5.1
806,13,27,21,1.2
807,13,15,23,1.2
808,65,41,26,5.7
809,34,26,5,7.3
810,76,8,16,9.5
811,76,33,19,2.6
812,36,48,22,1.9
813,41,38,27,1.5
814,59,17,18,4.9
815,70,46,5,6.6
816,60,13,17,8.6
817,28,46,19,7.1
818,30,35,11,2.9
819,14,11,19,5.2
820,91,8,24,9.2
821,51,23,14,3.9
822,70,46,18,5.5
823,31,34,10,9.6
824,30,35,18,7.6
825,79,39,28,7.7
826,10,25,29,3.3
827,14,35,26,4.7
828,21,23,16,1.7
829,99,35,15,6.5
830,55,57,29,1.9
831,43,36,24,8.5
832,58,6,26,8.3
833,87,56,28,5.8
834,99,14,29,2.3
835,54,6,23,1.2
836,36,6,6,8.2
837,82,28,26,6.4
838,35,21,24,7.4
839,56,36,5,3.7
840,95,20,12,5.6
841,65,20,29,7.7
842,72,50,18,5.2
843,57,43,13,6.4
844,70,57,6,8.1
845,90,35,29,2.9
846,35,47,27,1.6
847,45,28,9,5.8
848,10,5,27,1.6
849,17,15,29,7.9
850,61,59,12,7.5
851,88,25,20,8.9
852,56,8,26,6.8
853,65,11,20,1.6
854,95,30,17,3.3
855,23,51,24,8.3
856,99,54,19,2.5
857,37,16,5,7.3
858,96,35,26,8.0
859,87,21,7,4.0
860,97,37,10,3.9
861,11,15,26,6.0
862,35,32,18,8.8
863,23,36,8,3.0
864,68,5,22,9.5
865,65,51,19,6.4
866,16,32,13,9.9
867,12,57,22,1.8
868,32,46,7,2.1
869,27,11,14,8.4
870,47,6,21,8.8
871,24,46,11,5.0
872,73,28,19,7.4
873,98,8,5,8.8
874,37,48,29,1.4
875,83,23,15,6.2
876,48,30,21,8.7
877,66,15,9,4.6
878,26,44,11,3.7
879,95,54,23,8.2
880,99,47,29,4.0
881,53,15,28,1.0
882,34,49,19,9.6
883,26,7,7,6.3
884,22,16,19,8.4
885,93,7,9,8.4
886,34,46,27,1.6
887,77,31,16,2.5
888,19,53,24,3.8
889,76,58,9,3.9
890,27,6,7,6.9
891,95,53,13,6.6
892,43,20,13,5.5
893,17,6,11,2.9
894,49,58,6,4.4
895,92,34,27,5.9
896,51,24,27,5.2
897,50,42,25,2.1
898,15,32,20,6.8
899,61,29,13,1.7
900,35,36,17,4.4
901,73,14,23,7.4
902,68,46,24,1.2
903,65,44,21,6.1
904,68,37,10,4.0
905,79,17,8,1.1
906,42,45,5,2.7
907,62,58,22,9.5
908,31,46,23,5.7
909,30,51,13,10.0
910,79,41,17,5.7
911,79,58,12,5.9
912,13,20,27,4.5
913,84,49,17,3.8
914,71,26,19,3.3
915,71,24,15,4.1
916,33,54,16,5.1
917,64,47,18,2.7
918,18,31,8,3.0
919,12,45,5,3.4
920,40,20,28,5.0
921,49,38,8,6.9
922,45,36,23,8.7
923,33,30,13,3.6
924,15,29,14,2.7
925,75,6,8,4.4
926,93,16,24,9.0
927,84,44,13,1.1
928,13,13,17,7.1
929,88,16,16,5.3
930,15,30,15,2.4
931,60,13,16,3.9
932,71,14,22,3.0
933,66,36,16,8.9
934,75,38,20,5.3
935,88,52,9,6.1
936,84,24,24,6.3
937,17,43,29,6.8
938,35,6,16,5.5
939,60,5,25,1.2
940,54,55,29,4.0
941,53,40,15,2.7
942,14,28,13,7.1
943,79,58,22,1.5
944,35,31,29,6.1
945,77,6,7,2.9
946,28,35,24,9.5
947,93,18,21,4.0
948,29,6,18,3.9
949,21,33,5,9.3
950,56,19,21,4.8
951,10,16,29,9.7
952,99,41,12,1.2
953,23,32,9,3.8
954,73,24,9,7.0
955,47,43,13,9.0
956,46,28,7,3.3
957,20,25,23,9.4
958,86,14,27,6.3
959,12,50,13,8.2
960,42,18,26,4.6
961,15,41,22,2.9
962,59,22,20,9.2
963,19,28,5,9.4
964,14,18,6,5.5
965,32,38,18,1.1
966,19,16,18,2.0
967,53,26,5,6.2
968,11,10,29,1.2
969,22,40,20,4.6
970,49,49,19,3.7
971,11,40,19,7.4
972,93,26,16,1.5
973,74,18,20,5.4
974,72,20,18,6.2
975,82,40,28,6.6
976,26,29,19,4.6
977,18,36,27,3.7
978,84,37,19,7.1
979,24,49,23,8.6
980,33,40,12,7.2
981,47,24,6,9.4
982,44,22,6,7.5
983,58,42,14,7.9
984,78,7,7,2.5
985,71,27,27,4.8
986,69,36,21,5.4
987,59,49,12,3.3
988,87,20,27,5.8
989,84,9,8,3.6
990,18,8,18,7.2
991,43,25,25,5.2
992,85,44,14,5.1
993,44,55,5,9.9
994,10,18,8,4.5
995,49,43,5,4.3
996,73,35,21,3.9
997,31,18,21,9.1
998,69,10,11,5.5
999,73,16,27,6.4
1000,81,20,24,2.6
1001,20,21,19,5.9
1002,23,49,17,3.5
1003,69,27,6,7.6
1004,39,18,23,8.5
1005,44,11,28,7.4
1006,94,50,17,7.6
1007,46,36,28,5.6
1008,14,19,15,7.4
1009,92,48,26,4.8
1010,87,21,19,6.9
1011,35,45,14,3.3
1012,71,58,13,1.6
1013,13,51,13,4.7
1014,98,48,24,5.2
1015,51,38,5,3.3
1016,98,9,21,7.5
1017,27,49,16,1.7
1018,49,31,14,3.0
1019,81,56,9,7.7
1020,48,27,22,4.9
1021,23,44,19,7.3
1022,41,18,10,6.1
1023,60,19,11,9.6
1024,47,47,21,6.4
1025,32,37,10,1.1
1026,72,57,12,4.2
1027,24,35,16,2.3
1028,34,39,25,9.3
1029,26,21,18,1.9
1030,75,32,16,4.5
1031,87,23,27,3.0
1032,62,50,14,8.6
1033,60,58,26,3.8
1034,48,27,24,9.9
1035,60,36,19,1.3
1036,79,44,11,2.2
1037,15,17,13,3.0
1038,76,24,14,8.3
1039,16,39,14,8.9
1040,60,9,20,1.6
1041,81,13,11,1.3
1042,51,33,9,7.7
1043,73,10,27,2.2
1044,24,29,7,2.2
1045,38,35,22,1.2
1046,42,26,15,1.4
1047,36,6,19,3.4
1048,45,49,25,1.6
1049,38,9,24,4.3
1050,47,31,9,8.5
1051,66,29,28,3.9
1052,36,12,16,7.6
1053,64,59,8,1.8
1054,42,5,19,6.9
1055,77,24,13,3.9
1056,95,48,11,7.7
1057,75,27,14,2.2
1058,19,36,27,9.1
1059,14,15,17,3.2
1060,83,43,12,4.2
1061,47,51,16,9.6
1062,22,58,26,6.2
1063,40,28,28,4.3
1064,56,15,23,9.5
1065,97,33,5,4.0
1066,61,58,20,1.9
1067,65,30,26,10.0
1068,24,20,21,3.4
1069,38,39,29,8.7
1070,17,24,22,2.5
1071,14,50,15,7.6
1072,38,7,22,5.7
1073,56,5,11,9.8
1074,77,57,22,6.0
1075,85,51,12,1.2
1076,54,5,10,6.4
1077,11,21,11,2.3
1078,36,6,27,8.2
1079,45,33,26,8.7
1080,45,24,14,5.3
1081,35,10,15,8.0
1082,52,12,29,2.3
1083,36,33,17,5.4
1084,78,52,13,4.5
1085,29,55,11,6.5
1086,20,37,13,1.4
1087,83,7,17,7.8
1088,47,39,7,1.7
1089,15,9,7,6.9
1090,81,31,5,1.2
1091,32,48,25,8.5
1092,56,16,24,2.6
1093,99,24,6,5.6
1094,55,49,29,3.4
1095,21,24,7,7.5
1096,99,13,19,3.9
1097,22,43,28,7.5
1098,71,8,10,3.6
1099,91,55,17,7.8
1100,98,58,25,1.3
1101,69,23,5,3.5
1102,52,42,24,5.5
1103,85,31,23,1.4
1104,77,49,5,2.7
1105,14,47,25,9.4
1106,46,17,26,9.8
1107,81,17,6,7.7
1108,40,26,19,3.3
1109,18,32,18,3.3
1110,60,56,23,6.8
1111,38,51,15,2.1
1112,87,57,19,9.5
1113,49,49,10,3.0
1114,50,26,24,10.0
1115,95,47,13,5.5
1116,20,23,9,7.9
1117,32,12,24,1.0
1118,10,56,6,9.0
1119,55,12,10,3.4
1120,30,46,22,7.0
1121,99,30,27,8.3
1122,45,52,23,2.5
1123,63,55,13,5.0
1124,96,30,25,5.4
1125,66,27,28,3.8
1126,10,47,10,5.3
1127,72,17,18,3.9
1128,63,32,28,4.2
1129,64,13,17,7.0
1130,49,24,15,6.7
1131,24,23,16,3.1
1132,30,52,23,9.1
1133,56,43,23,8.8
1134,82,55,25,5.6
1135,62,16,23,4.9
1136,18,19,28,4.4
1137,83,35,17,7.4
1138,61,59,18,7.0
1139,66,18,28,2.8
1140,35,15,22,7.0
1141,50,30,16,3.3
1142,44,46,8,1.2
1143,72,31,14,7.3
1144,34,15,21,6.8
1145,99,42,8,4.7
1146,84,38,16,5.7
1147,47,47,17,9.5
1148,11,23,8,6.4
1149,16,10,14,6.9
1150,91,50,29,1.6
1151,43,56,7,2.5
1152,26,42,19,3.7
1153,52,53,6,5.9
1154,68,46,29,8.0
1155,60,32,29,3.9
1156,63,5,21,4.2
1157,33,39,10,3.3
1158,34,44,12,3.3
1159,80,12,7,9.5
1160,61,56,29,6.7
1161,79,58,22,2.4
1162,97,51,26,7.5
1163,42,11,5,7.5
1164,58,15,20,7.0
1165,38,43,11,2.2
1166,72,8,7,4.7
1167,31,29,27,2.0
1168,35,16,8,8.3
1169,37,30,13,6.9
1170,94,42,9,5.6
1171,58,50,23,4.1
1172,80,16,19,2.7
1173,90,47,12,2.0
1174,93,55,10,9.7
1175,58,57,22,2.8
1176,29,41,23,1.5
1177,95,50,28,9.7
1178,72,57,19,5.9
1179,70,28,11,8.2
1180,58,20,14,1.4
1181,80,17,10,6.1
1182,10,29,18,4.6
1183,22,58,21,7.9
1184,96,58,13,1.3
1185,60,56,23,4.6
1186,65,58,9,8.2
1187,92,8,27,5.7
1188,71,15,11,6.0
1189,41,36,23,1.9
1190,39,53,24,2.2
1191,38,11,11,7.1
1192,58,50,28,7.1
1193,54,15,6,9.8
1194,39,32,29,7.4
1195,25,58,27,5.4
1196,49,45,20,8.7
1197,28,27,17,1.9
1198,27,49,12,5.0
1199,10,27,10,3.6
1200,87,54,10,1.9
1201,56,32,13,7.9
1202,75,47,8,5.6
1203,47,51,15,6.0
1204,60,30,9,4.7
1205,72,29,29,5.1
1206,13,58,21,2.0
1207,10,33,24,7.1
1208,17,23,11,4.9
1209,38,37,19,8.4
1210,64,40,29,2.8
1211,12,18,19,2.8
1212,41,18,18,6.8
1213,19,39,17,8.6
1214,83,34,15,5.2
1215,92,32,17,7.5
1216,43,21,26,10.0
1217,96,7,28,9.9
1218,64,20,13,7.7
1219,41,50,14,7.7
1220,59,34,8,3.2
1221,16,56,21,8.5
1222,17,33,18,4.6
1223,74,49,28,9.7
1224,66,19,22,1.7
1225,76,50,15,4.9
1226,97,29,20,6.0
1227,96,55,5,4.6
1228,68,42,11,2.9
1229,81,46,14,6.3
1230,63,51,13,7.8
1231,76,57,29,6.8
1232,60,58,7,3.1
1233,17,56,26,7.6
1234,43,42,27,3.3
1235,44,27,18,2.6
1236,97,29,29,7.2
1237,87,46,19,8.6
1238,41,11,6,5.3
1239,55,26,28,5.8
1240,25,21,18,3.7
1241,77,22,20,5.5
1242,46,53,11,2.2
1243,63,45,8,9.6
1244,94,14,22,8.2
1245,23,14,28,7.0
1246,64,11,9,5.8
1247,57,52,10,8.1
1248,91,54,11,5.5
1249,16,42,19,3.7
1250,83,31,5,2.4
1251,16,56,28,6.8
1252,42,37,8,9.4
1253,32,5,29,2.4
1254,94,48,5,2.6
1255,28,57,15,4.9
1256,28,38,22,8.3
1257,45,8,18,3.6
1258,38,21,26,3.3
1259,69,8,15,6.6
1260,91,47,14,5.8
1261,11,58,21,1.5
1262,10,30,8,1.7
1263,56,8,28,6.8
1264,78,5,19,5.2
1265,29,11,20,9.7
1266,20,34,25,7.1
1267,11,54,17,1.1
1268,76,13,13,5.3
1269,96,39,15,4.7
1270,21,12,15,2.0
1271,29,28,10,9.3
1272,14,23,5,8.2
1273,46,40,26,3.1
1274,47,54,10,3.3
1275,18,56,17,1.3
1276,62,47,26,3.7
1277,53,31,28,6.3
1278,95,36,26,4.8
1279,33,18,9,9.7
1280,90,22,19,1.5
1281,83,32,22,6.3
1282,39,33,24,8.7
1283,68,20,18,5.3
1284,96,39,19,1.0
1285,90,51,9,3.2
1286,90,35,8,3.9
1287,23,8,6,9.7
1288,18,41,11,9.2
1289,49,21,14,9.5
1290,75,43,20,8.4
1291,34,52,14,4.2
1292,82,50,22,9.2
1293,31,30,21,9.8
1294,13,52,25,4.2
1295,35,43,17,3.3
1296,67,45,5,5.9
1297,38,8,5,2.7
1298,96,34,19,1.3
1299,46,34,5,9.5
1300,84,26,10,9.3
1301,79,15,29,2.5
1302,27,6,17,4.7
1303,94,48,5,8.5
1304,51,16,9,6.9
1305,50,34,13,4.6
1306,47,40,29,7.7
1307,43,22,21,9.1
1308,26,30,20,9.3
1309,46,57,12,4.4
1310,34,11,21,2.6
1311,85,5,19,9.2
1312,96,30,28,1.8
1313,95,27,5,7.5
1314,94,30,16,2.3
1315,36,49,9,4.5
1316,66,10,28,4.7
1317,40,10,10,2.4
1318,15,48,29,9.3
1319,49,12,5,1.0
1320,21,28,29,9.0
1321,62,26,5,9.0
1322,80,23,14,3.9
1323,19,41,14,7.3
1324,54,22,7,3.3
1325,26,35,21,7.8
1326,35,41,23,6.1
1327,94,34,15,3.7
1328,71,46,22,4.6
1329,55,37,6,7.2
1330,73,14,13,9.2
1331,11,41,28,2.2
1332,63,16,21,6.1
1333,74,58,18,3.3
1334,60,34,8,8.2
1335,62,31,21,1.6
1336,45,43,21,7.2
1337,35,13,16,2.6
1338,38,58,24,6.4
1339,30,25,22,8.5
1340,20,16,7,7.8
1341,49,59,15,7.8
1342,20,33,29,5.7
1343,45,37,22,9.0
1344,68,47,8,6.3
1345,48,57,21,9.3
1346,63,19,22,5.9
1347,64,6,9,5.6
1348,33,56,18,3.0
1349,31,43,14,5.9
1350,78,57,19,2.3
1351,65,48,5,8.8
1352,42,58,20,7.1
1353,45,22,15,9.9
1354,29,7,27,1.8
1355,92,11,24,3.2
1356,90,47,10,8.9
1357,71,22,28,4.6
1358,82,48,26,5.2
1359,35,42,20,8.7
1360,75,41,6,5.7
1361,82,37,5,2.7
1362,82,48,28,9.0
1363,49,35,28,1.3
1364,26,15,13,9.1
1365,10,8,26,1.5
1366,98,22,16,7.0
1367,70,8,21,1.6
1368,52,53,29,7.4
1369,51,38,19,1.3
1370,34,33,23,8.6
1371,48,28,26,5.2
1372,44,26,14,1.8
1373,12,6,16,7.4
1374,53,48,18,5.4
1375,60,10,13,2.7
1376,21,46,17,1.1
1377,28,29,7,4.8
1378,53,59,25,1.8
1379,68,25,18,1.8
1380,58,59,25,3.4
1381,70,20,14,6.7
1382,26,35,20,5.8
1383,83,18,11,1.6
1384,66,43,8,9.7
1385,64,32,24,9.0
1386,56,36,27,3.3
1387,21,32,29,2.1
1388,71,55,15,9.5
1389,89,59,20,5.2
1390,97,53,24,3.8
1391,92,13,8,5.4
1392,17,49,26,8.0
1393,30,26,26,2.5
1394,90,36,27,7.9
1395,96,9,21,7.7
1396,89,27,17,5.9
1397,79,9,15,8.8
1398,81,46,7,2.2
1399,34,57,13,6.4
1400,91,36,10,5.0
1401,98,14,26,4.8
1402,21,43,25,3.3
1403,24,19,15,4.4
1404,68,11,20,2.0
1405,35,33,23,3.3
1406,35,51,9,3.4
1407,56,7,18,7.5
1408,41,23,21,1.4
1409,19,14,7,6.9
1410,25,32,8,3.0
1411,80,33,20,1.7
1412,26,19,20,3.7
1413,32,39,25,3.0
1414,35,10,29,6.0
1415,94,16,8,4.2
1416,95,51,23,9.7
1417,16,42,21,9.7
1418,23,17,17,5.0
1419,88,33,26,8.2
1420,16,23,27,1.1
1421,18,7,28,5.9
1422,57,12,5,7.7
1423,81,12,16,3.0
1424,68,59,8,1.6
1425,96,24,15,2.4
1426,91,51,9,5.0
1427,48,8,6,5.6
1428,27,55,21,4.4
1429,68,25,12,5.0
1430,26,7,10,5.2
1431,23,49,25,7.9
1432,40,12,13,1.9
1433,33,27,17,7.9
1434,69,20,15,7.2
1435,54,17,20,7.7
1436,12,7,20,7.6
1437,46,52,6,5.2
1438,52,13,14,2.9
1439,49,18,16,5.8
1440,99,17,12,9.6
1441,64,57,15,6.3
1442,96,11,14,1.1
1443,48,19,17,1.5
1444,24,11,29,9.9
1445,13,42,21,1.6
1446,95,38,11,1.4
1447,34,45,28,4.2
1448,22,26,7,9.7
1449,91,28,24,3.9
1450,42,53,17,4.7
1451,25,41,23,6.7
1452,51,48,11,1.2
1453,75,5,13,9.1
1454,64,14,23,5.7
1455,51,47,17,5.2
1456,43,20,26,8.7
1457,39,50,12,9.6
1458,22,12,26,4.8
1459,22,53,22,2.6
1460,27,29,27,8.3
1461,41,54,6,4.6
1462,48,16,22,9.4
1463,55,29,22,9.5
1464,38,21,15,2.0
1465,71,30,5,9.6
1466,71,50,18,4.3
1467,66,52,20,6.8
1468,25,18,15,1.3
1469,65,45,5,9.0
1470,19,40,11,6.8
1471,39,27,20,6.8
1472,34,47,18,9.1
1473,93,10,19,5.6
1474,14,51,18,4.7
1475,74,9,25,8.8
1476,58,47,15,7.7
1477,12,29,20,9.5
1478,54,22,23,9.5
1479,23,17,21,4.4
1480,39,47,10,5.0
1481,77,18,15,3.3
1482,27,32,21,6.9
1483,71,22,13,4.3
1484,46,32,22,8.1
1485,34,55,21,2.1
1486,57,31,16,2.0
1487,74,36,27,2.8
1488,62,51,26,1.8
1489,88,13,26,6.6
1490,82,44,9,2.3
1491,24,36,15,2.4
1492,58,24,8,1.1
1493,97,32,8,8.0
1494,77,37,7,8.3
1495,21,8,28,2.5
1496,68,50,27,7.7
1497,46,38,29,4.9
1498,70,52,21,3.2
1499,52,7,11,6.6
1500,79,30,8,2.6
1501,48,12,27,7.8
1502,65,10,17,1.4
1503,72,20,16,9.6
1504,55,28,5,1.6
1505,97,52,25,6.2
1506,20,43,23,9.1
1507,71,34,25,1.1
1508,86,49,24,5.5
1509,34,17,22,4.2
1510,80,9,15,6.2
1511,61,29,24,3.0
1512,13,24,7,1.6
1513,68,58,21,6.6
1514,81,22,16,4.8
1515,29,51,14,6.6
1516,72,22,12,2.9
1517,63,6,19,4.0
1518,83,14,9,6.1
1519,66,59,8,6.3
1520,99,49,25,4.4
1521,50,54,24,3.5
1522,12,51,23,3.5
1523,15,16,25,2.6
1524,14,51,8,3.9
1525,14,17,19,2.8
1526,63,54,21,6.7
1527,56,51,16,6.1
1528,96,59,7,4.4
1529,58,15,14,3.9
1530,18,23,19,3.1
1531,29,39,14,5.8
1532,70,43,28,9.3
1533,44,57,27,7.2
1534,59,30,22,7.7
1535,91,50,5,8.5
1536,71,18,7,4.2
1537,26,58,25,1.6
1538,97,49,16,6.6
1539,12,48,5,2.7
1540,41,28,7,6.1
1541,22,45,7,7.7
1542,98,5,9,8.1
1543,82,55,23,3.7
1544,77,47,29,5.6
1545,23,59,5,6.6
1546,20,26,8,8.4
1547,65,27,8,7.9
1548,76,58,21,9.9
1549,38,23,18,1.1
1550,18,22,22,4.9
1551,76,16,5,3.3
1552,34,59,26,2.1
1553,85,32,20,9.2
1554,51,32,7,10.0
1555,18,37,27,2.6
1556,88,23,25,1.3
1557,49,32,13,3.5
1558,34,56,27,8.5
1559,14,53,8,3.6
1560,20,41,25,1.5
1561,68,30,9,1.5
1562,97,39,15,4.8
1563,88,38,25,9.4
1564,47,39,13,3.6
1565,81,44,7,4.8
1566,14,20,10,1.9
1567,57,42,28,5.4
1568,99,17,15,7.3
1569,27,27,13,3.4
1570,79,58,19,3.7
1571,46,26,27,8.6
1572,69,20,7,1.1
1573,57,32,5,6.7
1574,86,52,24,4.5
1575,37,39,26,3.7
1576,78,49,23,6.9
1577,86,50,18,8.5
1578,90,12,21,6.0
1579,49,48,26,1.3
1580,54,59,18,5.2
1581,71,59,21,5.2
1582,67,26,29,5.9
1583,76,25,18,7.0
1584,65,30,16,1.2
1585,49,44,20,5.5
1586,49,25,5,6.3
1587,86,29,17,4.1
1588,42,45,10,7.0
1589,15,5,21,3.1
1590,97,10,16,3.9
1591,28,27,27,9.7
1592,89,55,23,4.1
1593,49,27,10,4.1
1594,68,47,11,6.4
1595,68,47,5,9.7
1596,57,27,5,9.8
1597,50,36,9,6.2
1598,22,34,10,1.0
1599,54,17,20,9.1
1600,98,47,29,6.1
1601,62,22,20,4.3
1602,51,27,18,8.5
1603,72,19,5,4.6
1604,36,37,17,1.3
1605,47,25,24,8.4
1606,69,43,14,5.9
1607,16,27,28,4.0
1608,14,31,14,3.3
1609,54,49,13,6.3
1610,67,48,17,2.9
1611,40,22,7,3.9
1612,32,28,22,6.7
1613,51,55,24,8.9
1614,19,51,6,5.8
1615,41,44,21,7.8
1616,62,55,23,7.9
1617,39,46,27,7.0
1618,48,11,17,3.2
1619,40,54,17,8.8
1620,91,52,5,4.9
1621,11,24,6,1.4
1622,87,31,5,3.2
1623,86,10,28,7.9
1624,21,31,9,1.6
1625,48,13,28,2.3
1626,75,57,7,7.2
1627,22,49,11,9.0
1628,55,35,28,6.7
1629,36,25,26,3.0
1630,26,30,17,1.5
1631,69,44,27,6.5
1632,73,52,22,1.4
1633,97,49,28,6.5
1634,44,17,25,3.0
1635,79,53,11,9.1
1636,92,27,5,5.3
1637,39,24,9,3.0
1638,80,41,21,8.7
1639,83,58,12,3.3
1640,72,57,19,3.8
1641,37,32,24,8.5
1642,69,21,8,3.8
1643,88,32,6,4.7
1644,46,45,9,4.1
1645,31,6,5,2.0
1646,77,29,29,1.4
1647,29,54,9,7.5
1648,77,45,10,6.8
1649,73,10,6,3.5
1650,26,15,5,3.7
1651,21,42,8,9.5
1652,31,10,11,9.9
1653,26,49,26,5.3
1654,19,15,5,8.2
1655,74,18,5,7.6
1656,31,6,12,3.7
1657,99,44,24,1.5
1658,91,7,20,2.3
1659,59,59,25,8.5
1660,23,57,17,7.6
1661,73,39,27,7.0
1662,56,37,28,2.2
1663,38,28,27,6.8
1664,85,23,22,7.9
1665,45,22,24,8.7
1666,61,53,14,1.1
1667,85,56,16,7.2
1668,16,28,5,1.2
1669,38,49,14,7.4
1670,20,39,13,6.7
1671,42,5,7,2.3
1672,15,40,23,7.9
1673,88,29,13,1.6
1674,41,49,14,8.4
1675,60,53,23,3.4
1676,84,47,20,7.2
1677,67,38,28,9.3
1678,96,29,22,4.1
1679,35,20,18,5.5
1680,55,38,7,5.2
1681,38,33,6,2.4
1682,13,23,5,6.3
1683,90,27,22,7.7
1684,22,23,28,9.3
1685,48,29,13,8.7
1686,24,20,17,5.6
1687,38,58,6,7.5
1688,38,55,11,8.2
1689,84,13,20,5.4
1690,41,5,25,2.0
1691,11,46,23,4.9
1692,56,23,29,8.6
1693,87,37,19,6.4
1694,93,38,26,7.5
1695,31,20,15,2.7
1696,84,48,5,9.7
1697,36,44,25,4.6
1698,76,59,11,6.9
1699,90,22,24,1.2
1700,65,38,12,2.1
1701,30,29,14,8.0
1702,56,49,9,9.7
1703,89,10,13,3.9
1704,68,25,29,1.3
1705,93,10,29,4.2
1706,15,36,5,1.2
1707,28,45,6,2.7
1708,66,52,23,7.8
1709,78,47,18,9.4
1710,12,43,24,1.8
1711,10,35,14,6.0
1712,67,46,13,3.3
1713,47,14,14,2.3
1714,24,34,10,3.0
1715,43,56,21,6.2
1716,70,22,29,1.6
1717,44,28,10,4.9
1718,73,56,8,2.2
1719,34,13,24,3.5
1720,33,35,7,2.7
1721,21,19,27,8.9
1722,27,8,23,7.4
1723,24,44,22,8.8
1724,89,13,28,4.5
1725,36,49,8,3.8
1726,81,13,12,4.4
1727,69,30,21,1.2
1728,55,8,9,7.5
1729,98,21,17,4.1
1730,26,20,29,3.8
1731,62,19,5,6.4
1732,17,39,17,4.9
1733,88,56,8,9.8
1734,36,9,26,4.2
1735,55,59,28,6.5
1736,59,9,18,3.8
1737,80,24,7,9.9
1738,12,19,9,5.0
1739,73,22,11,6.7
1740,53,51,5,2.1
1741,62,6,27,7.6
1742,33,33,16,3.4
1743,69,17,15,5.0
1744,12,8,28,8.9
1745,29,46,12,9.7
1746,55,49,29,4.8
1747,24,14,10,8.5
1748,34,35,26,1.5
1749,87,45,6,8.6
1750,80,12,23,6.7
1751,26,7,24,5.4
1752,93,52,24,9.0
1753,18,50,28,8.6
1754,47,13,18,3.7
1755,57,34,5,8.1
1756,69,57,14,1.9
1757,72,15,20,8.4
1758,95,39,8,7.1
1759,11,41,15,1.8
1760,97,46,20,7.1
1761,81,17,24,6.2
1762,20,40,5,6.4
1763,73,17,20,3.6
1764,86,16,23,3.4
1765,90,41,25,7.9
1766,81,14,26,3.3
1767,30,13,13,5.0
1768,27,56,13,7.3
1769,73,11,13,1.7
1770,91,6,21,6.4
1771,47,58,16,6.3
1772,41,27,29,7.2
1773,20,43,17,4.3
1774,54,44,12,5.0
1775,98,43,20,4.0
1776,42,25,22,8.3
1777,50,27,5,2.2
1778,17,33,5,9.7
1779,20,18,16,6.7
1780,95,30,10,9.0
1781,60,55,13,4.8
1782,97,9,27,4.0
1783,50,59,9,9.1
1784,26,35,20,1.9
1785,85,29,22,2.1
1786,55,35,21,3.7
1787,41,54,22,9.6
1788,88,24,5,6.7
1789,89,48,23,6.0
1790,63,59,26,7.3
1791,95,21,12,4.8
1792,29,49,7,7.8
1793,42,6,29,4.5
1794,83,29,9,8.4
1795,49,17,27,3.4
1796,41,43,12,3.5
1797,11,32,23,5.7
1798,42,46,22,4.9
1799,86,59,22,6.8
1800,39,10,25,4.3
1801,42,7,5,3.1
1802,86,39,19,5.2
1803,35,22,22,6.0
1804,31,15,29,2.3
1805,75,58,11,6.0
1806,47,24,20,3.9
1807,99,9,20,4.5
1808,55,23,19,3.5
1809,24,26,10,9.4
1810,53,23,13,7.2
1811,58,51,11,3.4
1812,84,20,18,6.8
1813,70,28,15,8.6
1814,76,45,25,4.6
1815,15,8,20,8.5
1816,18,19,29,2.4
1817,15,29,10,8.4
1818,82,48,26,5.9
1819,41,59,20,3.0
1820,50,39,24,4.7
1821,85,59,20,9.9
1822,17,18,16,8.1
1823,81,53,21,6.2
1824,59,23,9,2.0
1825,71,42,29,4.8
1826,93,40,17,3.4
1827,71,11,12,1.6
1828,16,34,28,5.9
1829,84,23,9,9.0
1830,93,53,16,7.1
1831,89,29,13,3.2
1832,13,20,7,6.2
1833,15,51,7,9.5
1834,67,58,5,7.5
1835,31,44,29,7.2
1836,35,55,26,9.7
1837,12,12,22,8.2
1838,50,22,28,2.2
1839,69,32,16,4.1
1840,23,20,13,9.7
1841,84,56,13,5.4
1842,91,23,22,2.0
1843,21,46,22,5.1
1844,96,21,11,7.3
1845,21,49,8,10.0
1846,22,17,17,3.9
1847,34,11,21,5.6
1848,54,31,28,8.9
1849,28,14,6,4.2
1850,64,38,18,2.0
1851,54,40,7,9.5
1852,17,29,9,5.4
1853,62,10,18,5.5
1854,64,28,7,6.6
1855,41,22,27,1.0
1856,60,27,11,9.4
1857,53,10,22,4.3
1858,91,33,17,4.6
1859,79,29,27,2.6
1860,27,59,26,4.4
1861,92,21,14,8.2
1862,31,50,29,8.2
1863,46,28,17,9.4
1864,65,15,20,4.6
1865,68,30,13,7.4
1866,12,55,6,5.6
1867,37,38,27,8.2
1868,83,32,9,7.4
1869,44,7,26,4.3
1870,70,15,21,4.0
1871,63,42,27,3.3
1872,72,18,26,6.2
1873,88,55,8,9.7
1874,16,30,21,2.8
1875,85,52,13,1.9
1876,58,25,24,2.1
1877,94,58,6,8.0
1878,40,43,28,4.2
1879,67,34,22,3.0
1880,70,12,25,4.2
1881,33,55,26,6.8
1882,29,24,15,5.9
1883,46,52,17,7.7
1884,13,36,12,4.1
1885,29,26,5,5.1
1886,69,11,21,1.9
1887,33,13,16,1.7
1888,59,49,8,5.2
1889,58,5,25,3.7
1890,60,33,17,6.5
1891,45,12,13,1.4
1892,75,58,11,2.1
1893,88,8,27,8.8
1894,43,39,28,6.1
1895,45,7,9,7.4
1896,15,58,9,8.6
1897,48,49,21,5.2
1898,51,44,13,7.8
1899,67,11,10,5.7
1900,21,31,29,3.0
1901,12,5,23,4.0
1902,27,31,20,5.4
1903,49,20,25,3.9
1904,30,42,6,4.0
1905,24,11,14,4.0
1906,35,48,20,2.1
1907,17,27,9,1.8
1908,96,45,19,1.4
1909,51,15,17,2.0
1910,53,46,17,4.1
1911,23,57,17,6.3
1912,87,37,19,2.7
1913,11,54,18,9.0
1914,46,40,12,8.3
1915,78,41,15,5.7
1916,47,45,22,7.5
1917,50,21,28,4.3
1918,71,39,8,1.3
1919,69,52,14,9.1
1920,23,9,5,2.2
1921,98,52,9,9.5
1922,93,36,17,6.1
1923,11,7,5,3.8
1924,79,56,27,5.5
1925,26,51,12,5.5
1926,98,39,7,1.2
1927,37,56,7,4.2
1928,75,18,11,7.7
1929,44,52,8,5.6
1930,14,35,7,3.2
1931,74,35,19,4.0
1932,49,21,12,8.8
1933,85,28,7,5.7
1934,65,56,11,5.8
1935,45,27,22,9.7
1936,54,22,15,3.9
1937,32,54,15,5.3
1938,56,58,21,8.3
1939,40,18,10,7.8
1940,20,54,12,3.4
1941,19,19,5,2.4
1942,76,19,14,7.3
1943,23,10,29,3.3
1944,89,31,23,9.3
1945,83,19,7,2.2
1946,19,54,8,3.9
1947,85,40,15,1.5
1948,10,59,19,7.3
1949,14,12,5,9.0
1950,29,19,13,6.7
1951,17,7,15,9.4
1952,52,51,23,2.2
1953,85,17,17,1.8
1954,10,45,20,8.5
1955,66,38,8,8.7
1956,73,28,5,8.5
1957,93,44,24,8.2
1958,37,36,17,4.3
1959,46,36,5,3.0
1960,56,34,9,9.4
1961,85,56,9,3.8
1962,46,53,18,4.6
1963,58,17,27,7.3
1964,53,5,18,3.6
1965,65,38,12,8.4
1966,37,19,8,1.6
1967,88,48,11,8.1
1968,15,18,24,6.4
1969,70,33,23,6.2
1970,29,38,19,5.1
1971,87,22,26,3.5
1972,11,58,8,5.2
1973,82,11,23,5.1
1974,46,33,13,6.3
1975,29,59,25,3.5
1976,35,35,17,1.7
1977,38,29,18,2.3
1978,10,42,27,7.3
1979,44,18,18,1.2
1980,79,12,26,8.7
1981,68,31,14,7.2
1982,78,58,20,7.9
1983,42,6,9,8.5
1984,60,21,27,2.1
1985,87,41,10,8.4
1986,21,18,6,5.5
1987,29,29,17,9.0
1988,62,34,17,9.0
1989,97,33,23,1.2
1990,52,24,22,4.4
1991,98,25,23,5.7
1992,59,57,5,7.1
1993,38,26,12,3.6
1994,66,39,26,3.3
1995,48,41,20,4.4
1996,65,20,6,5.5
1997,52,54,12,9.6
1998,59,53,10,7.9
1999,32,47,20,4.9
2000,53,21,27,1.5
2001,47,20,15,2.5
2002,93,59,21,5.1
2003,32,6,27,8.3
2004,54,8,23,4.4
2005,61,25,15,5.8
2006,89,43,12,9.0
2007,59,38,26,9.2
2008,17,34,8,2.9
2009,94,10,15,1.4
2010,10,21,12,3.7
2011,17,43,13,7.3
2012,38,29,6,9.6
2013,14,9,20,1.7
2014,95,9,10,1.3
2015,56,24,25,9.0
2016,43,20,25,7.7
2017,74,55,23,9.9
2018,64,45,12,4.6
2019,99,41,18,4.7
2020,52,44,28,2.6
2021,83,13,20,2.0
2022,39,9,16,6.2
2023,91,46,9,4.3
2024,26,6,28,1.7
2025,35,13,28,9.0
2026,17,47,23,2.8
2027,56,40,22,7.7
2028,85,26,13,3.5
2029,81,26,6,8.3
2030,98,26,29,2.1
2031,55,38,24,7.8
2032,77,59,16,1.9
2033,42,33,6,5.0
2034,10,42,14,7.6
2035,28,50,5,2.6
2036,40,37,8,3.6
2037,89,22,29,8.8
2038,23,11,16,9.0
2039,62,5,13,1.4
2040,57,37,8,2.5
2041,78,5,13,2.1
2042,99,28,10,2.6
2043,71,8,5,9.7
2044,75,8,14,6.0
2045,73,22,18,5.2
2046,79,31,26,9.9
2047,72,47,29,6.0
2048,82,36,22,7.0
2049,42,37,10,4.0
2050,50,32,22,4.4
2051,98,46,24,6.3
2052,57,45,20,1.6
2053,22,59,19,3.3
2054,82,40,20,2.8
2055,86,10,12,1.1
2056,40,20,17,5.8
2057,84,38,27,6.0
2058,77,27,15,4.5
2059,13,54,29,3.4
2060,28,46,11,6.9
2061,79,28,21,2.2
2062,91,53,22,5.7
2063,22,17,26,7.9
2064,32,22,27,2.5
2065,92,58,23,7.8
2066,84,17,29,7.8
2067,10,53,17,1.5
2068,97,41,19,1.2
2069,63,47,27,9.8
2070,80,43,26,2.7
2071,98,46,26,8.4
2072,94,21,5,6.1
2073,24,19,20,3.4
2074,74,22,9,2.2
2075,85,27,7,5.5
2076,80,58,27,4.7
2077,24,55,14,7.3
2078,30,34,23,9.1
2079,28,38,9,8.2
2080,69,8,11,3.5
2081,98,7,18,8.9
2082,42,11,7,8.5
2083,58,22,17,9.4
2084,44,46,17,5.1
2085,53,11,14,7.9
2086,99,44,6,6.3
2087,20,10,10,3.8
2088,81,26,12,9.9
2089,87,5,8,1.3
2090,83,8,29,2.5
2091,75,50,16,9.0
2092,55,53,19,1.5
2093,18,56,12,9.0
2094,12,54,11,7.4
2095,94,47,18,1.3
2096,35,33,27,4.9
2097,81,25,23,7.8
2098,57,30,18,6.2
2099,75,18,26,9.4
2100,79,13,17,8.8
2101,37,51,25,4.0
2102,35,16,5,1.8
2103,34,46,23,9.5
2104,21,55,5,5.7
2105,14,55,8,1.7
2106,57,10,14,8.3
2107,46,24,7,8.8
2108,88,28,24,6.8
2109,53,31,13,5.0
2110,24,42,7,7.0
2111,52,12,10,7.4
2112,57,5,10,9.0
2113,96,58,27,9.6
2114,79,53,29,5.6
2115,55,53,16,8.2
2116,52,28,27,9.7
2117,30,51,5,2.4
2118,32,11,20,1.2
2119,89,23,28,8.8
2120,56,26,9,2.8
2121,24,59,13,1.4
2122,34,39,14,2.4
2123,45,34,17,4.5
2124,84,33,19,3.0
2125,60,26,16,3.7
2126,24,15,9,9.8
2127,77,24,9,7.3
2128,30,33,22,7.4
2129,22,55,16,1.9
2130,95,45,7,7.6
2131,28,46,29,7.7
2132,43,38,11,6.9
2133,87,5,21,3.1
2134,77,35,23,4.8
2135,61,34,22,8.6
2136,36,52,5,7.0
2137,38,22,29,7.6
2138,37,59,28,6.3
2139,44,21,9,5.0
2140,17,42,6,7.8
2141,25,18,5,1.6
2142,45,27,11,7.1
2143,39,29,15,10.0
2144,27,19,15,8.0
2145,11,50,22,3.6
2146,58,26,21,3.5
2147,86,7,6,7.0
2148,13,59,11,9.1
2149,99,23,11,6.2
2150,98,48,14,5.7
2151,84,38,26,2.4
2152,16,39,25,7.4
2153,83,54,7,7.3
2154,48,5,16,9.7
2155,22,56,7,3.7
2156,40,25,15,7.8
2157,80,33,16,4.9
2158,72,10,29,6.0
2159,65,41,8,8.3
2160,51,5,29,3.0
2161,70,55,20,4.1
2162,51,5,24,8.0
2163,65,31,22,6.1
2164,45,25,8,1.8
2165,93,57,26,4.9
2166,77,20,10,6.3
2167,16,48,25,9.2
2168,63,58,19,2.7
2169,10,44,5,8.3
2170,53,30,7,2.2
2171,54,20,9,3.2
2172,56,32,26,3.2
2173,22,5,21,8.9
2174,31,40,18,2.8
2175,30,14,13,8.1
2176,95,47,7,5.2
2177,18,21,17,10.0
2178,35,27,7,8.6
2179,18,11,15,7.7
2180,24,48,6,8.8
2181,19,57,28,6.7
2182,97,11,19,8.6
2183,51,48,17,3.4
2184,81,19,23,1.9
2185,33,38,26,6.5
2186,89,50,20,4.9
2187,58,49,22,4.8
2188,35,8,11,5.7
2189,46,18,17,4.3
2190,77,18,8,6.6
2191,59,20,13,1.3
2192,33,11,14,9.7
2193,28,36,13,9.3
2194,69,23,11,9.4
2195,48,6,19,4.3
2196,83,14,12,5.8
2197,98,54,23,9.6
2198,27,21,15,9.1
2199,28,41,9,8.1
2200,45,16,6,4.7
2201,83,10,14,6.1
2202,64,26,20,8.1
2203,78,36,27,3.5
2204,56,45,17,6.6
2205,58,24,12,8.5
2206,42,5,13,7.4
2207,30,58,15,5.3
2208,90,51,15,6.3
2209,31,57,27,9.9
2210,57,10,20,6.4
2211,46,23,14,8.1
2212,24,22,28,7.5
2213,44,10,16,7.3
2214,80,49,29,7.4
2215,41,37,10,5.1
2216,20,27,16,5.3
2217,19,27,14,5.2
2218,82,30,22,1.3
2219,87,17,22,3.2
2220,86,11,8,2.4
2221,66,19,13,9.0
2222,34,48,11,3.5
2223,11,31,22,2.2
2224,73,30,12,2.1
2225,44,37,15,7.3
2226,16,19,11,1.1
2227,94,40,13,5.2
2228,27,49,12,2.1
2229,76,59,7,8.6
2230,51,31,21,9.6
2231,48,9,6,9.6
2232,50,6,19,5.0
2233,84,59,18,6.8
2234,33,37,22,6.4
2235,69,20,20,4.2
2236,55,27,24,5.0
2237,28,42,26,1.6
2238,77,59,8,8.2
2239,99,20,29,3.2
2240,51,18,24,5.1
2241,41,33,10,5.3
2242,48,30,10,6.0
2243,45,39,15,8.4
2244,45,19,21,7.2
2245,12,7,28,7.0
2246,82,27,7,5.7
2247,17,33,17,1.9
2248,79,38,26,4.6
2249,50,37,7,9.6
2250,77,45,20,10.0
2251,22,45,19,7.6
2252,58,27,15,3.0
2253,69,11,22,1.9
2254,11,7,19,4.7
2255,69,36,9,8.7
2256,14,35,20,7.5
2257,53,22,20,9.0
2258,36,47,21,6.5
2259,41,11,13,2.2
2260,30,45,27,2.0
2261,17,5,7,1.4
2262,81,18,24,6.1
2263,59,56,17,3.2
2264,76,36,26,7.6
2265,53,10,7,7.2
2266,67,43,11,3.9
2267,12,14,10,2.6
2268,95,11,13,1.9
2269,79,30,16,7.6
2270,11,38,19,5.1
2271,96,34,25,3.9
2272,53,40,24,8.7
2273,11,25,7,6.3
2274,90,21,14,5.7
2275,44,37,5,7.7
2276,96,14,23,8.3
2277,39,55,23,7.2
2278,17,51,27,5.0
2279,31,46,27,4.4
2280,53,55,17,7.9
2281,67,16,16,5.7
2282,45,20,5,7.3
2283,78,45,23,9.0
2284,86,36,28,9.2
2285,40,19,20,3.5
2286,56,31,29,2.7
2287,64,32,27,3.4
2288,89,21,27,7.8
2289,71,50,19,4.3
2290,39,54,20,2.6
2291,64,6,15,1.9
2292,25,40,28,3.9
2293,21,54,10,2.2
2294,26,11,15,2.4
2295,25,17,7,7.2
2296,21,19,19,1.2
2297,17,29,5,2.1
2298,93,27,11,8.6
2299,12,26,5,8.6
2300,25,30,21,4.0
2301,39,37,13,1.8
2302,32,15,27,7.3
2303,14,14,17,4.2
2304,93,29,15,1.4
2305,74,41,24,2.4
2306,39,52,10,2.2
2307,30,47,5,6.3
2308,93,57,11,9.1
2309,79,42,16,8.1
2310,31,45,26,5.9
2311,91,49,24,4.8
2312,81,28,27,6.6
2313,41,44,23,5.0
2314,42,50,21,3.2
2315,25,37,8,7.1
2316,85,21,7,8.9
2317,47,28,5,4.4
2318,23,41,22,8.6
2319,45,6,25,4.9
2320,32,36,19,4.6
2321,75,28,12,1.3
2322,94,13,5,7.3
2323,11,8,24,8.3
2324,82,21,18,7.0
2325,74,21,8,2.4
2326,84,57,9,1.9
2327,76,54,27,6.2
2328,61,52,17,4.6
2329,71,34,28,4.9
2330,32,44,19,9.7
2331,35,15,10,7.5
2332,77,25,5,4.7
2333,91,25,27,1.2
2334,64,22,23,1.3
2335,15,59,17,7.2
2336,44,33,10,8.5
2337,31,28,19,7.4
2338,52,14,20,4.7
2339,24,49,28,1.3
2340,95,21,27,9.7
2341,69,22,20,9.9
2342,21,46,14,5.9
2343,58,52,26,1.6
2344,51,24,13,5.9
2345,47,41,13,9.0
2346,91,49,21,7.1
2347,54,22,21,7.5
2348,44,21,21,1.8
2349,39,13,28,2.0
2350,97,18,16,2.1
2351,39,53,17,9.1
2352,87,33,16,5.7
2353,15,35,18,8.1
2354,76,8,14,2.0
2355,89,22,27,9.3
2356,16,24,23,8.4
2357,61,51,6,3.0
2358,23,47,8,8.9
2359,82,48,23,3.4
2360,24,13,11,2.8
2361,30,17,19,3.4
2362,44,19,19,9.2
2363,75,31,28,9.2
2364,11,19,10,4.0
2365,44,32,7,7.3
2366,91,41,10,7.1
2367,87,59,20,8.3
2368,29,23,6,3.7
2369,91,30,11,5.6
2370,19,56,15,7.0
2371,34,30,11,1.2
2372,75,29,8,4.4
2373,34,30,28,7.3
2374,63,30,24,3.3
2375,42,50,11,9.6
2376,45,32,8,1.3
2377,23,53,16,9.6
2378,74,22,9,3.0
2379,89,36,27,1.4
2380,63,57,23,3.6
2381,61,7,9,8.1
2382,12,6,23,7.8
2383,50,37,25,2.9
2384,15,46,7,2.8
2385,34,23,15,6.8
2386,22,21,11,5.1
2387,17,48,21,8.1
2388,30,37,29,1.2
2389,77,16,13,6.5
2390,34,53,25,7.6
2391,88,7,13,9.9
2392,77,47,14,7.1
2393,54,53,17,3.1
2394,69,59,19,2.0
2395,21,30,26,6.8
2396,41,39,9,5.7
2397,22,12,7,9.1
2398,40,56,12,7.5
2399,87,40,24,5.6
2400,29,57,14,4.6
2401,27,58,17,4.6
2402,69,11,7,3.0
2403,72,50,26,1.2
2404,15,50,12,6.2
2405,41,40,13,2.9
2406,52,20,26,2.9
2407,11,28,25,2.1
2408,69,58,16,2.7
2409,32,5,15,1.3
2410,92,53,6,7.1
2411,40,29,22,4.6
2412,14,14,13,6.1
2413,92,58,6,6.7
2414,43,20,6,9.8
2415,19,20,7,1.6
2416,98,12,20,4.8
2417,11,33,23,3.2
2418,20,43,8,5.3
2419,59,32,27,9.3
2420,40,10,29,7.5
2421,65,20,22,7.0
2422,88,24,24,5.0
2423,82,20,29,7.0
2424,96,11,22,1.3
2425,92,45,14,6.3
2426,18,18,15,6.0
2427,30,47,21,4.1
2428,82,30,28,2.8
2429,37,30,29,8.3
2430,71,18,27,1.5
2431,16,11,28,1.6
2432,89,37,24,5.0
2433,25,30,20,3.3
2434,13,49,24,7.7
2435,13,24,17,6.7
2436,49,7,6,8.0
2437,26,56,28,3.9
2438,61,8,6,7.7
2439,61,30,29,8.8
2440,45,15,18,4.1
2441,47,6,8,4.1
2442,59,18,21,9.1
2443,72,48,17,1.4
2444,72,34,8,4.2
2445,71,53,7,2.1
2446,16,16,16,1.3
2447,36,30,26,2.0
2448,95,48,27,4.9
2449,23,37,12,7.2
2450,80,17,6,3.6
2451,95,18,10,8.6
2452,14,28,26,4.9
2453,64,38,14,9.7
2454,11,48,16,9.6
2455,71,30,25,8.0
2456,30,25,14,9.4
2457,88,32,14,7.4
2458,30,52,27,9.1
2459,19,40,7,3.1
2460,96,44,24,4.1
2461,67,6,14,7.8
2462,48,46,13,4.8
2463,14,13,24,8.5
2464,74,27,23,8.9
2465,22,19,18,3.7
2466,94,17,6,8.4
2467,99,27,9,2.4
2468,94,21,24,4.0
2469,62,52,12,5.7
2470,91,6,11,3.0
2471,54,24,10,6.2
2472,41,24,15,6.2
2473,45,50,16,2.9
2474,90,7,22,8.2
2475,69,59,23,6.7
2476,20,16,14,3.9
2477,72,44,29,3.1
2478,30,6,29,8.9
2479,61,40,25,8.5
2480,64,18,18,3.1
2481,35,20,7,1.3
2482,77,23,22,8.2
2483,43,38,28,6.5
2484,61,48,19,1.9
2485,91,50,10,6.3
2486,61,10,14,5.1
2487,38,17,16,8.0
2488,47,40,11,2.9
2489,51,26,21,5.1
2490,30,22,5,2.4
2491,51,16,22,9.6
2492,22,56,19,8.0
2493,73,58,23,7.6
2494,26,34,5,7.2
2495,18,57,9,4.8
2496,50,55,19,9.3
2497,10,44,7,1.7
2498,11,11,5,8.2
2499,69,36,12,2.9
2500,57,52,16,3.9
2501,38,23,26,5.7
2502,19,10,29,8.0
2503,67,24,23,8.5
2504,69,31,29,6.3
2505,30,57,29,4.6
2506,37,47,16,9.5
2507,84,41,17,3.2
2508,43,52,5,8.2
2509,17,11,23,6.5
2510,68,9,10,4.4
2511,95,15,12,1.0
2512,81,19,8,5.0
2513,58,7,9,3.5
2514,88,9,29,1.9
2515,26,27,26,1.7
2516,69,57,11,4.1
2517,96,41,27,6.5
2518,97,13,8,8.5
2519,54,19,24,2.7
2520,92,7,8,4.8
2521,78,33,19,4.5
2522,41,10,25,5.6
2523,53,21,9,8.3
2524,74,30,28,6.0
2525,96,25,13,8.6
2526,17,12,6,5.7
2527,86,25,11,6.4
2528,81,15,21,4.9
2529,96,42,20,8.4
2530,52,12,21,9.3
2531,10,46,24,6.8
2532,60,28,27,8.4
2533,33,39,6,1.5
2534,33,59,15,9.2
2535,26,18,6,2.7
2536,14,59,5,3.3
2537,29,18,6,1.5
2538,30,14,27,9.7
2539,67,16,13,8.7
2540,40,42,26,9.2
2541,20,48,6,8.6
2542,61,59,19,5.3
2543,24,50,14,9.3
2544,92,38,19,9.7
2545,16,45,14,5.5
2546,37,14,29,2.6
2547,60,21,27,6.9
2548,67,21,21,9.8
2549,14,7,13,8.8
2550,14,35,22,8.8
2551,17,55,8,9.4
2552,73,5,13,9.0
2553,19,16,20,8.0
2554,47,43,8,7.5
2555,90,8,20,3.4
2556,17,46,23,6.6
2557,34,17,5,5.7
2558,82,38,27,8.8
2559,75,46,10,5.4
2560,88,25,14,2.1
2561,59,26,20,1.0
2562,76,8,8,7.1
2563,58,22,26,5.9
2564,45,9,26,4.0
2565,77,23,17,2.5
2566,87,6,20,5.2
2567,50,16,24,1.9
2568,98,21,10,4.0
2569,71,14,15,4.4
2570,19,38,28,5.2
2571,30,10,7,5.2
2572,45,12,24,3.3
2573,21,55,14,8.7
2574,11,15,5,4.2
2575,22,16,24,3.1
2576,62,13,15,2.6
2577,41,6,16,3.9
2578,25,12,18,1.6
2579,41,15,29,1.3
2580,41,57,12,6.4
2581,20,40,15,6.6
2582,19,14,8,5.8
2583,24,25,11,7.9
2584,26,24,14,1.4
2585,49,52,23,9.4
2586,27,12,29,1.9
2587,64,40,8,7.1
2588,82,33,6,2.2
2589,34,46,25,8.9
2590,68,16,22,5.6
2591,87,18,18,1.7
2592,98,52,20,6.6
2593,31,58,26,1.1
2594,39,54,15,8.0
2595,93,25,14,6.9
2596,94,26,21,2.9
2597,53,25,18,4.4
2598,41,48,26,1.1
2599,60,54,8,7.2
2600,55,34,23,3.9
2601,30,43,6,6.1
2602,41,24,11,9.6
2603,48,28,13,3.7
2604,21,27,23,9.9
2605,56,11,20,6.7
2606,27,13,26,3.2
2607,30,5,29,4.9
2608,22,30,20,7.7
2609,30,42,22,5.0
2610,17,42,27,1.6
2611,55,58,25,2.5
2612,16,48,25,8.1
2613,32,26,15,6.8
2614,84,48,11,6.1
2615,95,14,13,2.5
2616,31,59,8,8.5
2617,98,10,29,9.6
2618,31,21,17,1.4
2619,38,55,29,1.7
2620,22,54,8,9.0
2621,91,42,23,8.3
2622,11,28,6,6.6
2623,38,55,13,9.5
2624,94,14,16,6.8
2625,88,12,6,2.9
2626,61,25,10,7.6
2627,36,10,9,6.8
2628,59,25,9,9.9
2629,88,43,24,2.9
2630,32,28,26,6.4
2631,97,37,9,8.0
2632,53,22,8,4.1
2633,86,32,13,4.4
2634,31,56,26,9.0
2635,52,36,14,4.6
2636,46,16,20,6.6
2637,70,52,14,9.0
2638,65,46,14,2.9
2639,12,31,23,9.8
2640,72,14,14,7.3
2641,28,50,10,5.5
2642,32,56,21,4.9
2643,38,46,9,9.6
2644,39,36,10,2.9
2645,48,46,28,3.8
2646,34,30,19,3.8
2647,17,29,29,3.6
2648,67,15,23,5.2
2649,25,27,22,9.9
2650,81,38,8,9.0
2651,10,56,12,4.0
2652,14,44,20,4.8
2653,12,27,28,7.0
2654,74,33,23,1.2
2655,13,35,24,8.4
2656,73,11,7,8.9
2657,98,44,14,8.7
2658,19,37,6,4.4
2659,30,25,8,5.2
2660,55,6,10,1.1
2661,36,22,15,4.6
2662,75,51,18,5.1
2663,50,37,20,9.2
2664,22,41,25,9.0
2665,18,38,23,9.7
2666,45,24,6,9.0
2667,95,39,29,1.1
2668,99,55,21,6.8
2669,67,54,13,1.6
2670,63,58,21,3.5
2671,21,22,19,6.2
2672,90,50,11,7.3
2673,87,28,26,6.9
2674,23,12,27,1.4
2675,43,34,23,1.9
2676,62,48,7,2.2
2677,29,57,5,1.8
2678,84,14,8,2.6
2679,25,27,22,7.2
2680,79,56,12,8.5
2681,65,53,23,4.7
2682,92,15,27,7.2
2683,67,6,27,2.8
2684,13,30,29,9.8
2685,13,40,10,4.1
2686,29,37,5,8.6
2687,19,51,12,9.5
2688,33,17,5,8.8
2689,35,44,23,1.6
2690,46,29,15,6.9
2691,94,8,25,2.1
2692,63,46,28,1.1
2693,30,23,29,1.5
2694,83,22,19,9.2
2695,47,41,27,9.2
2696,55,34,29,3.0
2697,13,23,15,5.9
2698,69,27,23,9.6
2699,66,58,25,5.5
2700,54,20,14,4.5
2701,29,5,28,5.3
2702,26,16,16,8.1
2703,80,28,5,5.3
2704,13,38,28,8.0
2705,23,57,11,4.9
2706,12,12,21,3.3
2707,97,22,14,3.9
2708,89,52,10,1.7
2709,67,9,21,5.5
2710,64,30,22,2.3
2711,13,34,9,8.3
2712,33,58,22,4.8
2713,43,17,21,7.9
2714,39,23,26,9.6
2715,91,33,20,8.6
2716,28,7,12,9.6
2717,40,30,28,6.1
2718,69,44,17,2.5
2719,69,16,28,9.4
2720,28,6,20,8.8
2721,58,15,15,8.8
2722,72,48,10,7.2
2723,92,32,7,6.6
2724,31,22,5,1.1
2725,33,17,22,7.7
2726,85,41,9,1.8
2727,39,26,17,3.3
2728,67,16,14,6.0
2729,40,6,9,5.1
2730,73,41,18,1.1
2731,28,11,21,8.4
2732,57,30,5,8.9
2733,54,30,29,7.1
2734,64,28,6,5.9
2735,64,16,11,9.6
2736,27,20,14,2.1
2737,72,27,24,7.6
2738,56,44,11,2.2
2739,84,13,28,4.4
2740,66,36,20,6.3
2741,54,19,9,7.6
2742,42,41,16,1.0
2743,26,17,21,3.3
2744,79,9,20,5.8
2745,13,15,24,5.8
2746,29,14,20,6.7
2747,56,56,23,3.7
2748,24,17,19,5.9
2749,79,45,16,2.7
2750,56,57,25,2.7
2751,87,50,14,6.2
2752,84,54,26,7.2
2753,18,19,6,2.1
2754,99,46,11,2.1
2755,25,11,17,6.1
2756,78,44,7,3.4
2757,70,32,19,4.5
2758,19,36,5,4.6
2759,59,39,7,2.6
2760,12,19,29,1.0
2761,86,52,14,8.7
2762,79,40,19,7.4
2763,90,25,26,7.2
2764,60,10,10,5.9
2765,28,5,24,7.3
2766,51,8,19,9.4
2767,44,15,28,7.0
2768,55,48,25,3.4
2769,35,30,11,6.1
2770,78,41,29,5.0
2771,73,27,25,6.0
2772,46,33,9,5.7
2773,93,25,8,8.7
2774,58,52,26,6.9
2775,30,49,22,2.7
2776,83,49,7,1.6
2777,73,53,21,4.8
2778,14,31,22,1.1
2779,79,43,22,3.9
2780,99,44,28,4.3
2781,13,17,28,4.4
2782,48,27,6,9.8
2783,44,20,17,3.7
2784,10,34,26,3.4
2785,33,8,19,2.2
2786,66,44,9,5.6
2787,79,20,7,2.4
2788,50,35,9,6.5
2789,63,57,9,2.4
2790,55,46,9,6.2
2791,69,29,7,8.4
2792,69,48,7,1.4
2793,66,16,24,4.8
2794,40,30,27,5.1
2795,93,41,22,8.1
2796,33,52,24,5.2
2797,98,37,8,6.1
2798,45,32,5,8.1
2799,94,13,20,6.0
2800,39,16,12,4.2
2801,33,9,21,1.8
2802,39,58,12,7.6
2803,95,56,11,8.8
2804,16,58,29,9.7
2805,44,32,12,9.3
2806,64,39,25,8.2
2807,23,9,28,6.8
2808,19,38,16,8.0
2809,89,50,20,4.9
2810,25,38,16,6.4
2811,63,17,23,4.1
2812,98,43,14,3.9
2813,86,46,11,7.8
2814,79,49,16,5.1
2815,53,52,24,2.9
2816,82,18,9,2.8
2817,54,15,20,8.7
2818,65,46,13,7.1
2819,93,42,11,5.9
2820,91,8,24,4.6
2821,66,57,26,4.9
2822,30,37,18,1.5
2823,77,11,15,5.1
2824,59,45,11,8.2
2825,42,12,14,4.5
2826,16,41,13,4.5
2827,79,55,8,1.1
2828,24,14,20,5.1
2829,91,47,14,1.2
2830,41,19,23,6.1
2831,84,42,28,5.6
2832,29,19,21,8.6
2833,97,9,13,6.2
2834,24,33,17,3.9
2835,57,23,5,5.6
2836,80,58,6,7.3
2837,30,55,17,1.8
2838,51,14,28,6.6
2839,35,16,13,9.2
2840,23,58,11,3.7
2841,66,8,20,6.6
2842,46,35,23,8.4
2843,67,22,11,5.6
2844,30,20,10,7.5
2845,91,44,22,3.8
2846,78,40,23,3.8
2847,12,29,15,7.0
2848,96,27,16,7.3
2849,99,16,14,9.4
2850,46,38,17,3.0
2851,97,40,16,5.2
2852,58,41,25,3.3
2853,28,7,14,1.7
2854,98,13,24,4.6
2855,94,57,22,4.4
2856,21,22,8,3.4
2857,70,47,28,3.7
2858,50,39,9,4.2
2859,42,59,9,9.9
2860,59,38,16,8.0
2861,77,45,7,1.6
2862,80,18,12,8.9
2863,95,8,26,6.7
2864,42,33,6,9.0
2865,90,45,22,4.1
2866,33,49,13,5.2
2867,70,54,17,9.1
2868,70,19,11,3.5
2869,37,32,14,9.2
2870,67,46,13,8.5
2871,52,20,26,9.8
2872,50,16,19,3.9
2873,48,56,9,3.1
2874,95,9,16,4.0
2875,58,38,5,9.6
2876,26,46,16,4.0
2877,79,5,26,6.1
2878,79,43,10,4.6
2879,74,36,23,4.6
2880,83,30,23,2.7
2881,94,21,20,5.8
2882,14,52,23,8.6
2883,11,31,7,1.4
2884,31,28,27,9.0
2885,66,39,14,7.0
2886,75,50,22,6.6
2887,83,46,17,6.6
2888,25,58,22,3.7
2889,60,43,7,4.7
2890,48,30,27,8.2
2891,95,53,7,3.8
2892,85,42,27,5.2
2893,97,27,29,1.2
2894,49,26,16,7.6
2895,47,8,24,4.8
2896,69,53,11,5.7
2897,68,13,29,2.0
2898,19,8,28,9.9
2899,73,11,12,3.7
2900,72,27,13,6.7
2901,58,6,18,6.2
2902,73,53,9,8.1
2903,41,28,25,3.6
2904,16,44,23,7.8
2905,30,59,25,4.4
2906,29,35,20,4.7
2907,35,51,28,7.1
2908,77,35,16,8.1
2909,95,51,25,7.0
2910,24,44,8,9.1
2911,94,52,12,3.6
2912,88,55,11,9.1
2913,95,47,19,2.2
2914,23,38,10,6.9
2915,36,59,9,5.9
2916,49,28,18,5.5
2917,67,53,25,3.8
2918,37,30,17,5.5
2919,35,20,14,2.5
2920,72,51,22,4.3
2921,75,17,8,1.9
2922,34,19,12,6.1
2923,12,31,28,1.9
2924,81,8,15,2.4
2925,53,20,21,1.8
2926,51,34,22,4.4
2927,15,48,25,8.6
2928,48,34,29,9.2
2929,61,40,15,1.6
2930,32,7,20,6.7
2931,98,26,16,7.2
2932,59,53,17,5.8
2933,52,26,20,7.0
2934,28,54,27,3.1
2935,78,54,25,5.4
2936,60,59,5,4.5
2937,20,53,20,1.8
2938,21,16,19,6.6
2939,83,59,10,5.5
2940,17,25,16,3.5
2941,33,8,12,5.3
2942,50,35,11,8.0
2943,45,48,6,8.2
2944,94,35,16,6.8
2945,81,27,25,5.2
2946,64,58,18,6.2
2947,18,57,20,4.5
2948,56,24,15,2.1
2949,24,19,24,4.5
2950,57,27,13,5.8
2951,91,32,14,6.4
2952,51,20,21,9.4
2953,69,41,16,8.0
2954,93,25,10,2.4
2955,79,19,23,2.6
2956,21,21,15,1.9
2957,11,54,13,7.6
2958,16,41,25,7.4
2959,89,17,10,9.9
2960,12,23,29,5.7
2961,12,34,29,8.4
2962,36,49,28,6.2
2963,49,22,29,8.9
2964,42,18,20,7.5
2965,10,40,24,6.8
2966,17,40,20,6.1
2967,41,24,10,7.5
2968,57,56,9,4.8
2969,13,23,25,1.9
2970,79,49,8,1.4
2971,28,48,6,5.3
2972,41,11,10,6.4
2973,18,48,13,1.7
2974,21,57,21,3.6
2975,20,8,18,3.9
2976,55,38,11,6.1
2977,25,6,26,3.5
2978,10,9,23,1.9
2979,72,59,5,2.5
2980,30,14,24,2.6
2981,39,36,29,8.6
2982,22,46,19,3.6
2983,43,45,22,7.4
2984,13,17,7,6.1
2985,37,43,22,9.8
2986,68,9,6,3.5
2987,36,14,14,2.4
2988,78,14,15,1.5
2989,34,42,28,3.2
2990,12,31,7,7.2
2991,77,55,11,1.8
2992,34,25,12,3.2
2993,29,12,23,8.7
2994,43,5,22,6.2
2995,35,32,17,1.6
2996,14,53,17,1.4
2997,70,43,28,1.6
2998,18,18,23,9.5
2999,59,25,27,8.6
3000,15,34,16,8.6
3001,92,25,21,9.3
3002,69,53,26,5.5
3003,53,13,16,3.2
3004,20,21,17,4.6
3005,75,9,29,7.5
3006,56,35,16,8.9
3007,82,56,23,4.9
3008,94,44,18,5.8
3009,97,42,11,9.4
3010,95,47,17,2.0
3011,12,23,10,8.8
3012,85,40,28,2.4
3013,39,54,23,5.4
3014,99,37,23,3.0
3015,30,17,8,6.4
3016,37,18,23,6.0
3017,99,37,13,4.4
3018,71,33,20,8.8
3019,42,47,8,6.9
3020,94,53,10,7.5
3021,44,40,12,2.4
3022,61,48,28,8.9
3023,43,14,20,2.5
3024,50,35,9,3.0
3025,60,10,25,2.2
3026,56,5,26,5.0
3027,91,11,14,9.0
3028,67,31,27,3.3
3029,84,25,17,4.4
3030,66,32,18,8.6
3031,32,20,11,6.6
3032,57,50,24,7.8
3033,31,27,10,2.9
3034,26,56,11,7.4
3035,78,24,9,3.0
3036,20,42,25,9.9
3037,24,58,22,6.0
3038,44,29,27,7.3
3039,42,32,16,2.1
3040,93,9,10,3.3
3041,25,25,5,2.3
3042,43,22,8,4.5
3043,75,51,23,3.6
3044,49,10,16,7.6
3045,37,33,19,2.0
3046,56,23,7,7.8
3047,48,37,27,1.4
3048,79,5,24,2.8
3049,82,49,12,8.1
3050,29,7,15,7.7
3051,10,46,20,5.3
3052,81,25,13,1.4
3053,96,39,7,6.5
3054,72,45,9,4.7
3055,76,44,24,3.8
3056,13,7,18,6.8
3057,67,29,19,4.9
3058,34,49,10,1.8
3059,56,42,8,9.2
3060,47,49,12,8.0
3061,24,59,23,1.5
3062,72,24,9,5.7
3063,30,56,17,1.8
3064,66,48,20,8.5
3065,62,49,5,6.5
3066,55,38,17,2.6
3067,23,25,26,1.2
3068,85,59,15,1.3
3069,26,52,25,5.6
3070,48,27,12,7.6
3071,18,10,29,2.1
3072,86,55,12,3.0
3073,88,57,28,3.9
3074,91,17,18,3.0
3075,15,53,17,4.5
3076,32,27,7,6.0
3077,68,13,8,7.2
3078,55,21,24,9.7
3079,47,6,19,9.4
3080,23,23,19,6.1
3081,81,23,25,7.6
3082,71,11,17,9.6
3083,44,58,13,1.8
3084,28,46,29,1.1
3085,39,46,14,1.3
3086,87,24,16,6.1
3087,93,13,18,7.9
3088,34,21,5,4.3
3089,49,31,18,5.9
3090,97,51,18,5.6
3091,23,6,12,1.9
3092,35,40,20,3.9
3093,96,23,18,1.2
3094,31,21,5,2.0
3095,57,9,20,8.3
3096,92,43,22,8.5
3097,60,22,11,8.2
3098,12,57,19,7.5
3099,51,58,28,8.1
3100,28,11,21,7.0
3101,82,21,23,7.0
3102,37,43,27,7.0
3103,93,40,17,5.6
3104,54,44,13,4.3
3105,80,49,28,7.6
3106,87,8,28,3.7
3107,72,42,19,5.9
3108,82,29,29,4.9
3109,28,9,7,3.5
3110,56,34,28,9.8
3111,23,16,5,3.3
3112,47,8,20,3.8
3113,62,28,12,2.5
3114,70,33,27,8.4
3115,45,13,17,6.3
3116,49,8,12,6.5
3117,90,55,21,8.4
3118,39,28,26,4.1
3119,18,18,27,2.7
3120,73,9,18,2.8
3121,42,22,25,7.6
3122,61,46,25,6.5
3123,98,23,11,2.9
3124,23,16,19,2.3
3125,84,22,20,2.1
3126,62,21,23,6.7
3127,68,34,10,1.0
3128,87,28,27,1.2
3129,50,15,5,4.5
3130,77,39,16,7.2
3131,77,27,22,7.3
3132,17,21,20,4.9
3133,11,5,16,7.2
3134,95,19,24,5.7
3135,50,36,17,9.8
3136,64,13,12,2.5
3137,25,19,26,6.4
3138,71,32,5,5.4
3139,57,28,25,2.8
3140,39,39,11,7.7
3141,21,26,19,3.5
3142,44,31,26,4.4
3143,20,23,17,4.4
3144,73,49,17,3.2
3145,59,16,13,4.9
3146,94,24,28,5.3
3147,30,5,19,7.7
3148,78,25,8,7.9
3149,57,53,17,2.4
3150,29,49,16,6.3
3151,76,5,9,9.1
3152,53,14,11,2.0
3153,42,51,12,5.3
3154,82,36,9,7.8
3155,70,43,13,6.5
3156,18,26,18,1.9
3157,77,22,16,4.6
3158,44,52,8,5.6
3159,90,50,24,10.0
3160,97,36,12,2.6
3161,74,31,21,9.8
3162,17,32,12,4.4
3163,54,22,25,2.8
3164,96,43,5,4.7
3165,56,53,24,6.5
3166,49,33,6,2.9
3167,85,22,8,3.6
3168,63,48,28,8.7
3169,85,12,25,10.0
3170,55,58,5,3.9
3171,56,35,11,2.3
3172,24,38,5,8.1
3173,28,11,13,6.4
3174,35,40,7,1.9
3175,61,22,16,9.5
3176,31,42,23,1.7
3177,30,13,19,6.6
3178,60,13,26,4.8
3179,47,50,20,6.0
3180,29,12,14,2.9
3181,38,55,26,7.2
3182,60,39,10,9.6
3183,13,22,21,5.1
3184,64,9,25,5.7
3185,80,18,26,3.2
3186,37,32,28,9.0
3187,13,34,21,9.7
3188,31,8,25,8.1
3189,85,43,23,5.9
3190,54,24,22,9.6
3191,76,29,15,2.4
3192,95,32,28,5.3
3193,75,16,11,5.8
3194,97,6,14,5.4
3195,43,47,11,8.2
3196,64,18,9,7.0
3197,10,26,16,2.1
3198,81,35,20,4.1
3199,96,27,29,4.1
3200,47,52,25,6.1
3201,15,24,22,3.6
3202,95,42,7,2.1
3203,34,59,24,6.9
3204,91,8,19,8.7
3205,26,19,9,9.4
3206,70,28,17,9.8
3207,21,29,23,8.0
3208,15,5,16,2.3
3209,99,11,27,8.7
3210,36,35,25,4.6
3211,17,16,9,7.6
3212,92,46,10,5.8
3213,74,9,11,8.5
3214,66,48,14,4.8
3215,49,54,20,1.6
3216,23,46,12,6.0
3217,44,42,13,2.5
3218,57,16,8,9.7
3219,93,43,25,5.7
3220,65,22,25,6.0
3221,58,6,12,9.2
3222,22,14,29,6.6
3223,70,19,11,3.7
3224,58,34,19,3.7
3225,55,48,25,5.5
3226,71,21,7,8.8
3227,17,8,21,8.2
3228,52,11,15,9.7
3229,29,45,13,1.6
3230,99,35,9,3.4
3231,48,55,29,1.7
3232,94,59,14,7.8
3233,58,43,19,2.3
3234,73,59,18,1.9
3235,71,38,8,6.1
3236,63,10,25,4.7
3237,18,54,24,7.4
3238,97,42,6,5.4
3239,46,49,16,4.8
3240,58,55,5,4.8
3241,50,38,28,8.8
3242,26,48,24,4.6
3243,97,19,9,4.0
3244,30,18,10,4.0
3245,60,10,28,2.8
3246,68,54,15,8.7
3247,48,41,12,2.3
3248,64,54,11,9.2
3249,50,36,8,3.6
3250,48,7,10,9.1
3251,22,7,20,8.1
3252,73,26,24,6.2
3253,20,26,19,7.0
3254,28,14,18,3.9
3255,20,55,27,6.2
3256,86,7,16,3.6
3257,55,16,16,4.6
3258,54,33,20,7.9
3259,10,52,19,3.2
3260,49,21,17,8.5
3261,28,11,15,4.4
3262,85,17,21,5.8
3263,81,6,25,9.5
3264,81,8,19,7.1
3265,70,14,18,6.8
3266,21,43,14,7.4
3267,70,28,16,9.3
3268,42,21,20,3.2
3269,54,56,19,6.5
3270,99,10,14,4.6
3271,78,23,8,1.1
3272,17,9,27,2.1
3273,34,36,13,3.9
3274,55,14,25,6.1
3275,96,13,24,8.9
3276,39,31,13,8.1
3277,56,17,25,6.0
3278,96,23,29,1.7
3279,58,25,28,3.6
3280,56,28,24,4.3
3281,93,42,15,6.6
3282,91,8,15,1.6
3283,27,28,11,5.8
3284,75,39,25,9.1
3285,77,7,14,7.3
3286,42,8,8,8.2
3287,45,41,9,7.1
3288,91,44,9,2.9
3289,28,52,15,2.0
3290,37,58,13,8.5
3291,49,39,20,7.3
3292,93,35,13,6.2
3293,85,48,26,2.7
3294,24,29,8,6.4
3295,50,44,6,1.3
3296,48,17,18,2.1
3297,11,8,7,3.8
3298,72,50,22,5.0
3299,38,18,25,2.1
3300,83,17,10,2.1
3301,75,31,15,7.5
3302,60,10,25,6.1
3303,84,21,22,5.8
3304,86,40,16,5.1
3305,19,44,9,9.8
3306,23,53,13,1.4
3307,91,39,24,2.6
3308,60,21,22,6.8
3309,82,45,23,2.2
3310,48,6,7,6.3
3311,37,17,13,6.1
3312,12,56,8,9.7
3313,93,6,21,9.0
3314,79,56,21,9.5
3315,36,32,27,2.0
3316,11,47,27,8.8
3317,47,30,6,2.2
3318,12,26,13,6.7
3319,25,51,13,7.5
3320,49,47,9,2.4
3321,11,59,19,6.7
3322,90,7,19,1.5
3323,50,39,7,3.6
3324,21,16,23,9.3
3325,44,28,7,2.5
3326,74,9,10,1.6
3327,64,24,8,5.0
3328,54,43,28,8.7
3329,88,43,17,1.7
3330,99,17,17,4.2
3331,94,45,15,9.1
3332,71,57,9,2.1
3333,58,49,5,3.8
3334,34,16,13,8.0
3335,32,17,21,5.9
3336,33,14,26,8.5
3337,47,37,5,2.0
3338,37,44,7,9.3
3339,30,58,19,9.4
3340,63,20,25,2.4
3341,27,49,27,1.3
3342,45,39,14,9.9
3343,54,7,12,5.3
3344,82,9,16,6.1
3345,62,30,29,6.5
3346,39,15,26,8.1
3347,69,11,19,8.3
3348,41,57,13,2.7
3349,76,14,28,3.1
3350,76,46,29,8.9
3351,37,56,14,8.4
3352,53,38,24,6.6
3353,88,7,13,10.0
3354,50,12,19,7.6
3355,72,35,27,2.9
3356,32,15,25,8.6
3357,84,49,25,4.7
3358,57,11,5,1.3
3359,41,49,6,3.9
3360,66,6,23,7.9
3361,42,10,18,9.6
3362,33,45,12,3.5
3363,48,36,10,3.2
3364,43,24,16,6.1
3365,65,38,19,8.3
3366,37,54,18,7.7
3367,46,20,25,6.0
3368,16,29,5,6.7
3369,77,16,15,3.2
3370,46,11,29,4.9
3371,65,43,7,3.3
3372,74,21,23,9.0
3373,74,49,22,2.0
3374,56,15,24,7.1
3375,29,10,6,3.3
3376,28,27,29,5.3
3377,38,31,11,3.7
3378,83,50,12,3.9
3379,69,10,23,3.3
3380,27,42,26,7.8
3381,44,6,19,4.3
3382,52,26,14,7.5
3383,20,24,26,5.1
3384,58,29,5,5.9
3385,47,19,10,5.9
3386,73,53,17,9.8
3387,78,33,18,4.3
3388,17,12,7,2.9
3389,43,41,15,9.2
3390,57,53,7,2.6
3391,65,56,23,8.5
3392,85,37,14,2.4
3393,74,26,19,6.9
3394,40,54,15,2.4
3395,13,51,19,9.3
3396,59,9,28,6.1
3397,78,43,17,4.0
3398,39,22,9,2.3
3399,97,42,8,4.3
3400,68,58,17,7.3
3401,76,57,13,4.5
3402,84,41,29,3.2
3403,54,34,21,6.2
3404,13,55,6,4.8
3405,35,35,28,2.5
3406,36,14,9,2.4
3407,55,19,20,7.4
3408,73,46,11,9.8
3409,60,52,5,3.1
3410,59,48,16,8.0
3411,15,22,25,1.8
3412,68,27,15,4.4
3413,24,37,16,5.6
3414,39,20,23,3.4
3415,51,58,16,5.8
3416,46,42,16,8.9
3417,51,39,18,9.5
3418,44,38,6,1.9
3419,96,32,6,3.4
3420,15,6,29,9.8
3421,77,34,8,3.4
3422,27,17,24,7.2
3423,82,45,27,3.3
3424,38,20,20,4.2
3425,86,9,14,2.7
3426,68,59,17,8.7
3427,56,32,6,8.9
3428,26,57,7,3.7
3429,31,43,23,8.4
3430,77,49,10,4.2
3431,78,24,23,1.9
3432,46,28,25,7.8
3433,58,31,24,6.4
3434,22,34,23,3.5
3435,43,49,12,3.3
3436,95,31,18,9.8
3437,62,30,14,8.8
3438,96,11,7,8.3
3439,60,46,10,2.2
3440,12,51,19,7.8
3441,51,57,27,2.9
3442,41,42,27,9.8
3443,60,9,22,1.5
3444,94,27,18,4.2
3445,55,32,23,4.9
3446,30,38,14,8.4
3447,53,57,19,7.9
3448,20,19,8,4.4
3449,77,36,27,6.1
3450,10,30,6,8.5
3451,72,52,7,1.2
3452,33,35,11,8.2
3453,22,23,27,9.5
3454,20,13,20,1.3
3455,60,33,14,1.4
3456,26,58,23,4.1
3457,91,55,21,1.8
3458,95,43,23,5.3
3459,33,8,9,7.6
3460,28,7,27,6.1
3461,46,33,24,2.8
3462,94,56,17,6.9
3463,17,15,17,7.2
3464,37,37,15,9.4
3465,14,42,15,2.3
3466,26,15,20,7.2
3467,45,31,19,9.2
3468,28,37,21,5.5
3469,73,25,26,4.3
3470,20,43,22,2.5
3471,63,35,23,8.8
3472,54,42,8,4.5
3473,56,50,26,9.3
3474,21,6,26,8.6
3475,30,31,27,4.4
3476,20,40,9,6.2
3477,14,15,11,1.2
3478,90,51,6,3.4
3479,65,22,5,7.4
3480,29,5,16,7.1
3481,50,39,14,4.2
3482,55,39,12,8.3
3483,21,35,5,3.1
3484,79,32,16,5.2
3485,26,43,6,5.3
3486,28,5,14,4.1
3487,35,29,26,9.6
3488,57,47,21,7.3
3489,61,42,7,5.9
3490,79,24,11,5.6
3491,64,7,16,2.4
3492,84,55,12,4.3
3493,42,6,24,7.1
3494,71,22,16,9.3
3495,97,48,7,8.3
3496,32,14,21,3.7
3497,24,9,13,4.9
3498,36,13,14,1.7
3499,84,6,26,1.9
3500,73,38,10,5.2
3501,90,42,29,5.8
3502,60,35,5,3.4
3503,62,14,26,6.8
3504,87,54,16,7.3
3505,91,16,9,3.7
3506,60,40,17,7.8
3507,56,58,19,2.9
3508,13,25,26,5.9
3509,16,53,15,8.2
3510,44,51,12,5.8
3511,57,10,9,9.2
3512,82,52,6,1.5
3513,81,53,16,6.3
3514,54,7,6,6.1
3515,90,14,20,6.9
3516,90,9,25,8.5
3517,81,50,7,7.5
3518,28,30,14,8.1
3519,72,25,23,3.6
3520,47,49,12,4.5
3521,76,30,11,6.6
3522,68,42,5,6.0
3523,78,48,16,9.6
3524,22,30,9,2.7
3525,56,12,20,4.2
3526,70,9,29,6.2
3527,40,19,8,8.8
3528,89,20,21,9.4
3529,31,5,28,4.0
3530,95,20,25,1.6
3531,52,41,6,4.8
3532,76,7,16,4.5
3533,63,56,5,9.9
3534,19,51,16,4.9
3535,51,35,16,3.8
3536,73,17,16,4.3
3537,30,20,23,4.6
3538,89,59,29,8.4
3539,85,47,21,1.7
3540,75,25,24,3.8
3541,50,6,28,9.7
3542,33,58,28,2.4
3543,44,31,15,7.7
3544,65,42,17,4.2
3545,39,30,12,6.2
3546,66,42,14,1.9
3547,56,50,12,3.8
3548,44,29,24,5.5
3549,28,15,12,3.1
3550,17,12,13,5.9
3551,35,12,11,3.0
3552,80,37,18,6.9
3553,39,57,6,9.1
3554,16,11,29,1.8
3555,76,42,15,2.9
3556,74,25,12,8.6
3557,45,12,17,6.7
3558,34,55,25,1.7
3559,46,58,19,5.4
3560,10,25,7,2.9
3561,24,24,27,2.8
3562,46,12,18,9.5
3563,22,50,19,7.9
3564,17,35,6,7.3
3565,14,54,23,3.2
3566,69,33,16,2.1
3567,82,52,29,8.8
3568,10,13,24,1.1
3569,45,19,8,4.5
3570,44,34,7,3.5
3571,75,30,9,6.1
3572,72,14,7,3.3
3573,32,33,29,3.8
3574,18,58,19,8.7
3575,43,20,23,6.4
3576,55,40,6,2.3
3577,87,24,16,7.5
3578,13,49,9,2.9
3579,39,58,26,4.9
3580,84,41,21,6.8
3581,81,26,18,3.4
3582,12,11,26,4.5
3583,23,27,14,7.6
3584,69,45,7,9.4
3585,86,44,8,5.8
3586,54,33,10,1.1
3587,43,20,28,4.0
3588,54,42,29,4.6
3589,70,32,26,4.1
3590,92,52,20,4.9
3591,25,42,11,6.7
3592,75,35,19,2.1
3593,49,18,25,3.5
3594,26,57,29,5.6
3595,43,37,24,3.8
3596,25,13,15,9.9
3597,69,31,26,4.9
3598,75,28,25,8.8
3599,75,17,5,9.1
3600,99,30,9,8.5
3601,22,33,17,1.4
3602,65,55,25,9.5
3603,40,53,18,2.2
3604,43,47,13,1.3
3605,48,32,21,4.7
3606,76,32,19,2.8
3607,17,12,25,2.7
3608,96,27,11,3.6
3609,87,33,26,3.2
3610,64,9,26,7.2
3611,36,46,16,2.7
3612,62,11,27,5.9
3613,48,46,10,9.9
3614,74,40,25,4.9
3615,26,45,20,6.8
3616,39,31,9,9.7
3617,62,50,13,2.2
3618,22,6,18,4.8
3619,30,29,12,8.7
3620,28,13,18,9.4
3621,62,57,16,6.4
3622,28,31,14,2.3
3623,66,5,24,9.1
3624,34,27,24,2.6
3625,95,14,25,4.2
3626,40,46,17,4.4
3627,90,56,23,5.0
3628,64,29,19,8.1
3629,32,58,12,8.2
3630,41,7,27,7.5
3631,71,10,25,1.2
3632,83,10,14,6.1
3633,19,57,7,7.7
3634,81,6,25,5.0
3635,63,22,7,9.5
3636,61,27,9,8.4
3637,29,6,20,6.7
3638,41,16,21,1.6
3639,23,26,10,6.9
3640,59,41,24,9.2
3641,37,24,24,4.4
3642,62,43,20,8.5
3643,33,28,28,3.8
3644,88,52,6,6.1
3645,31,24,24,6.8
3646,39,5,19,7.1
3647,72,5,22,8.9
3648,13,21,5,3.1
3649,86,5,23,3.4
3650,68,57,16,7.3
3651,96,56,12,2.6
3652,17,49,10,5.2
3653,91,34,16,1.2
3654,21,45,11,2.3
3655,40,51,22,7.1
3656,87,7,26,7.7
3657,43,50,18,2.0
3658,91,59,12,3.0
3659,84,15,28,1.9
3660,85,28,24,4.9
3661,58,26,26,2.1
3662,88,48,18,4.9
3663,66,49,9,7.6
3664,35,30,13,7.2
3665,27,17,12,3.5
3666,95,5,6,7.1
3667,47,28,20,9.3
3668,90,14,17,4.1
3669,96,39,11,4.0
3670,97,28,20,6.1
3671,59,32,11,3.2
3672,17,40,18,6.9
3673,50,20,18,8.5
3674,15,44,16,5.1
3675,78,20,5,7.1
3676,53,21,5,6.9
3677,73,55,16,1.3
3678,38,58,24,2.7
3679,37,19,25,9.0
3680,20,20,19,9.5
3681,74,19,8,8.0
3682,28,38,11,9.3
3683,18,15,20,3.8
3684,36,5,7,3.2
3685,43,19,11,4.5
3686,53,30,28,1.5
3687,77,55,26,8.3
3688,91,8,10,9.9
3689,24,47,20,8.4
3690,60,9,28,6.0
3691,22,39,12,3.7
3692,92,17,27,2.8
3693,58,14,26,4.3
3694,79,15,10,7.0
3695,65,22,14,5.0
3696,85,38,20,9.4
3697,60,43,15,8.7
3698,46,45,17,1.9
3699,26,46,10,2.2
3700,67,54,28,7.1
3701,96,27,5,3.1
3702,99,11,25,8.1
3703,38,43,23,6.3
3704,42,7,16,3.1
3705,69,16,28,5.3
3706,98,11,10,4.7
3707,64,53,22,8.9
3708,19,30,17,1.3
3709,56,37,11,9.1
3710,32,41,27,6.9
3711,94,52,17,7.6
3712,30,19,25,1.0
3713,22,6,12,6.7
3714,42,45,25,6.3
3715,33,11,21,5.8
3716,20,36,13,8.1
3717,26,8,24,6.0
3718,77,24,17,8.7
3719,56,54,6,3.1
3720,34,57,8,8.3
3721,82,40,29,2.6
3722,30,36,6,8.3
3723,93,32,8,9.5
3724,92,17,22,4.0
3725,92,5,9,5.8
3726,21,39,23,6.9
3727,46,52,14,1.7
3728,51,34,22,5.4
3729,26,58,29,4.2
3730,57,40,25,8.9
3731,37,59,14,8.9
3732,50,29,9,7.3
3733,56,20,21,6.9
3734,27,23,26,7.6
3735,87,5,17,4.3
3736,80,9,27,4.6
3737,22,55,21,6.0
3738,91,26,13,9.4
3739,22,28,28,7.5
3740,40,47,16,6.0
3741,11,49,18,7.9
3742,25,56,18,4.3
3743,18,41,12,7.6
3744,82,57,27,4.7
3745,47,40,9,3.5
3746,84,40,23,6.5
3747,63,8,18,7.2
3748,65,40,13,5.1
3749,95,56,11,6.1
3750,96,57,12,7.2
3751,54,22,18,7.9
3752,43,54,26,9.1
3753,18,20,18,4.2
3754,97,45,15,9.6
3755,17,22,18,6.7
3756,16,26,25,8.1
3757,45,6,12,7.3
3758,27,25,7,2.9
3759,12,40,27,1.6
3760,37,48,22,7.5
3761,79,43,7,5.6
3762,53,51,17,7.3
3763,30,43,16,5.3
3764,37,33,19,3.8
3765,63,58,22,3.6
3766,63,30,9,7.6
3767,74,25,11,3.5
3768,30,21,15,7.4
3769,22,20,15,4.5
3770,66,35,19,7.9
3771,58,55,14,2.3
3772,63,13,19,2.8
3773,19,35,17,7.2
3774,62,18,18,6.0
3775,53,53,21,2.8
3776,56,41,17,9.1
3777,62,6,14,3.5
3778,83,56,29,4.8
3779,55,52,5,2.8
3780,22,50,5,4.5
3781,46,18,19,5.4
3782,33,37,20,3.7
3783,11,39,16,7.9
3784,95,43,28,4.5
3785,90,51,10,7.6
3786,23,55,10,2.9
3787,19,24,16,4.4
3788,44,6,29,1.1
3789,34,55,19,7.8
3790,12,45,8,6.6
3791,26,23,28,8.4
3792,21,41,8,5.1
3793,63,22,6,8.2
3794,33,20,28,6.8
3795,38,8,16,1.0
3796,52,16,11,3.3
3797,34,33,24,5.4
3798,69,11,13,6.6
3799,99,18,13,1.6
3800,74,59,12,7.3
3801,93,16,18,5.9
3802,37,39,5,5.7
3803,25,9,27,3.6
3804,56,21,25,6.4
3805,90,46,27,1.2
3806,67,36,16,1.6
3807,85,14,29,7.6
3808,36,47,6,3.9
3809,62,21,17,4.1
3810,51,9,8,2.9
3811,68,49,24,5.0
3812,56,46,22,1.5
3813,43,13,23,3.7
3814,46,53,20,5.7
3815,15,37,18,5.2
3816,16,40,12,10.0
3817,34,40,16,4.5
3818,42,22,13,4.5
3819,64,13,10,5.5
3820,67,33,22,2.7
3821,16,54,6,8.9
3822,66,18,27,6.2
3823,21,29,12,2.7
3824,25,19,28,8.1
3825,89,10,18,1.3
3826,52,46,10,9.8
3827,86,33,14,8.8
3828,16,19,12,6.2
3829,60,33,21,2.0
3830,82,8,29,2.9
3831,41,22,16,3.5
3832,84,54,21,3.2
3833,17,53,17,5.5
3834,96,48,23,9.5
3835,98,43,16,5.0
3836,81,20,20,7.0
3837,54,15,29,7.2
3838,95,18,9,8.8
3839,68,7,29,1.3
3840,13,55,20,4.6
3841,76,54,29,8.1
3842,38,46,10,8.3
3843,38,42,15,9.3
3844,37,49,21,7.3
3845,86,46,27,3.2
3846,88,22,18,5.6
3847,96,24,10,1.3
3848,53,52,29,6.8
3849,99,29,27,6.0
3850,13,42,15,7.0
3851,99,17,16,9.4
3852,18,8,17,7.2
3853,14,59,8,3.9
3854,65,18,11,2.8
3855,93,37,6,8.7
3856,59,32,10,2.7
3857,84,56,10,2.5
3858,24,41,22,2.9
3859,41,12,24,5.6
3860,37,48,12,2.1
3861,31,38,12,9.4
3862,26,48,12,9.7
3863,68,9,12,9.8
3864,99,58,5,1.4
3865,80,9,6,9.5
3866,66,35,16,10.0
3867,35,49,19,9.5
3868,34,13,8,7.0
3869,19,46,29,7.3
3870,54,36,7,2.1
3871,92,37,18,8.9
3872,20,7,26,1.5
3873,86,34,27,3.9
3874,62,54,12,9.9
3875,81,16,17,4.8
3876,77,33,27,2.2
3877,37,7,23,9.7
3878,84,30,26,9.9
3879,74,34,9,2.7
3880,58,13,17,8.8
3881,56,30,24,4.5
3882,61,6,5,4.4
3883,97,7,20,3.4
3884,63,50,27,1.4
3885,69,8,28,3.4
3886,66,29,6,1.5
3887,56,55,11,9.3
3888,40,17,10,7.0
3889,55,43,9,9.0
3890,35,48,8,7.5
3891,14,39,6,2.2
3892,93,59,14,9.5
3893,61,27,26,9.1
3894,84,13,9,4.1
3895,63,6,22,2.0
3896,42,58,14,7.3
3897,59,45,27,7.6
3898,47,48,26,9.1
3899,36,35,19,1.5
3900,24,48,13,2.3
3901,70,51,15,6.4
3902,30,6,25,6.6
3903,55,36,29,1.3
3904,78,22,29,4.6
3905,15,17,21,6.3
3906,47,50,25,7.6
3907,71,9,13,3.8
3908,95,46,27,5.4
3909,71,48,20,8.3
3910,91,14,10,9.6
3911,87,47,26,3.1
3912,83,29,15,3.3
3913,55,38,27,9.5
3914,22,41,21,4.6
3915,12,34,8,7.5
3916,15,11,19,6.5
3917,17,10,5,3.6
3918,53,58,26,6.9
3919,42,59,24,6.9
3920,90,7,5,6.3
3921,84,17,13,1.9
3922,86,7,16,10.0
3923,59,30,8,4.6
3924,20,28,26,6.7
3925,37,57,17,9.0
3926,79,10,11,4.8
3927,50,47,12,8.0
3928,25,53,17,9.7
3929,77,46,15,4.2
3930,57,16,13,4.6
3931,65,53,29,9.2
3932,73,40,28,2.4
3933,68,6,20,1.3
3934,99,15,14,9.2
3935,71,43,15,8.4
3936,85,38,16,9.8
3937,20,30,18,1.5
3938,98,22,23,2.4
3939,27,25,16,1.9
3940,28,40,22,7.2
3941,96,44,25,6.5
3942,64,56,21,4.2
3943,91,50,7,1.5
3944,35,48,5,6.8
3945,15,26,23,6.1
3946,13,57,8,2.0
3947,38,34,27,9.2
3948,68,54,20,2.8
3949,26,47,16,7.7
3950,52,34,25,9.0
3951,89,12,25,6.2
3952,75,38,17,3.2
3953,43,51,21,3.8
3954,17,13,12,9.0
3955,22,55,17,3.7
3956,17,24,24,7.7
3957,74,44,9,9.9
3958,52,29,22,10.0
3959,48,23,19,5.8
3960,90,9,16,8.4
3961,68,15,21,9.9
3962,93,19,29,4.4
3963,97,12,19,3.3
3964,95,23,6,2.0
3965,95,27,10,2.3
3966,53,31,21,8.7
3967,18,44,20,6.3
3968,46,36,21,8.9
3969,83,30,29,8.1
3970,45,31,24,7.1
3971,37,23,13,6.5
3972,51,54,9,1.4
3973,52,46,27,8.9
3974,94,33,5,4.8
3975,97,43,10,6.0
3976,51,45,28,1.2
3977,75,37,18,9.4
3978,64,23,21,9.1
3979,81,41,29,5.9
3980,57,23,23,6.2
3981,31,37,5,7.3
3982,36,51,5,3.4
3983,76,20,17,3.0
3984,22,27,18,7.1
3985,54,11,10,1.9
3986,19,30,10,5.1
3987,18,36,5,5.4
3988,63,16,18,4.4
3989,36,12,7,2.7
3990,43,9,27,4.2
3991,10,46,14,4.0
3992,41,32,23,5.5
3993,98,57,23,7.1
3994,80,9,23,9.7
3995,76,53,27,2.3
3996,93,30,8,8.9
3997,29,9,24,3.6
3998,44,26,23,6.3
3999,99,19,14,5.9
4000,87,17,29,6.0
4001,26,32,6,7.5
4002,27,37,8,4.4
4003,54,47,28,3.9
4004,93,27,10,8.7
4005,62,37,11,3.0
4006,91,47,20,2.6
4007,77,22,11,1.1
4008,74,54,22,2.9
4009,10,57,24,5.7
4010,67,34,26,5.8
4011,35,30,23,3.3
4012,29,20,13,1.7
4013,96,17,24,7.7
4014,19,43,14,7.8
4015,68,37,17,10.0
4016,84,30,22,9.1
4017,50,52,20,9.3
4018,14,5,26,8.2
4019,74,53,21,6.5
4020,26,42,26,2.2
4021,31,6,17,6.6
4022,50,53,16,1.5
4023,77,10,14,9.0
4024,78,50,5,5.3
4025,20,54,12,7.3
4026,65,42,25,1.5
4027,60,46,26,5.8
4028,30,28,22,3.7
4029,85,22,6,3.6
4030,35,31,20,4.5
4031,28,45,16,1.0
4032,69,12,13,5.2
4033,80,32,7,5.4
4034,56,14,26,8.8
4035,80,21,25,5.0
4036,35,59,8,4.3
4037,49,33,6,10.0
4038,14,10,12,6.1
4039,30,18,14,5.3
4040,87,26,20,5.5
4041,13,58,27,8.3
4042,32,10,15,4.1
4043,93,30,22,4.5
4044,24,43,26,7.8
4045,17,16,18,1.7
4046,50,39,12,8.8
4047,28,18,27,4.9
4048,55,26,19,6.2
4049,37,55,21,7.8
4050,77,27,25,3.4
4051,24,52,22,9.0
4052,46,11,10,9.8
4053,10,44,27,5.4
4054,76,54,18,9.4
4055,33,29,27,1.0
4056,36,17,7,9.0
4057,49,25,11,3.8
4058,72,45,19,3.8
4059,70,14,25,3.1
4060,45,57,28,3.9
4061,33,59,20,2.9
4062,33,13,20,9.2
4063,13,19,12,9.1
4064,76,56,11,1.9
4065,43,6,10,2.3
4066,66,29,6,8.8
4067,58,17,26,4.6
4068,96,38,17,2.5
4069,62,55,16,5.6
4070,32,38,19,4.8
4071,78,39,13,3.0
4072,62,42,6,7.5
4073,71,7,21,6.7
4074,50,46,9,1.9
4075,66,10,15,9.3
4076,69,59,26,6.0
4077,63,52,23,3.3
4078,79,53,28,2.9
4079,66,23,11,2.2
4080,19,7,6,4.8
4081,49,22,20,2.2
4082,16,43,16,4.7
4083,47,13,27,2.3
4084,94,56,19,6.9
4085,70,16,5,8.1
4086,93,9,29,5.9
4087,12,7,17,7.1
4088,60,15,27,9.4
4089,95,34,10,6.7
4090,56,8,17,4.3
4091,77,9,22,5.0
4092,85,5,7,8.7
4093,47,31,5,2.2
4094,45,32,19,3.9
4095,50,33,17,6.2
4096,78,22,9,7.1
4097,22,16,29,7.9
4098,96,17,17,3.9
4099,67,45,26,2.3
4100,59,6,9,9.6
4101,39,41,23,1.7
4102,71,49,25,1.9
4103,34,20,28,5.5
4104,36,52,22,8.4
4105,60,28,25,8.0
4106,87,39,26,9.4
4107,66,26,14,2.3
4108,56,40,28,4.4
4109,48,15,12,3.5
4110,25,59,19,8.7
4111,31,50,25,5.4
4112,94,33,29,1.2
4113,63,39,24,7.4
4114,30,52,29,4.5
4115,81,58,27,5.8
4116,25,19,26,9.0
4117,68,35,8,3.3
4118,40,46,6,3.2
4119,51,45,28,3.4
4120,83,47,10,4.0
4121,41,20,7,2.0
4122,68,14,11,7.3
4123,43,53,14,2.9
4124,18,36,27,9.3
4125,90,55,10,2.9
4126,20,6,20,3.3
4127,19,28,6,3.7
4128,95,27,28,7.9
4129,26,6,21,4.8
4130,77,42,17,8.4
4131,57,35,5,8.1
4132,61,55,10,9.4
4133,34,44,9,7.8
4134,30,30,29,1.5
4135,74,33,17,8.5
4136,72,7,27,9.4
4137,98,18,22,9.9
4138,60,29,16,2.1
4139,45,52,11,6.5
4140,90,5,19,2.8
4141,97,57,7,3.4
4142,75,7,20,7.7
4143,24,58,5,9.8
4144,48,30,20,6.4
4145,79,22,28,8.7
4146,10,13,16,1.1
4147,32,42,23,1.3
4148,48,27,12,6.4
4149,66,25,27,4.5
4150,90,5,16,9.0
4151,43,25,19,3.7
4152,50,31,6,4.9
4153,82,46,21,5.8
4154,22,10,11,3.5
4155,79,59,17,9.2
4156,15,48,5,5.2
4157,93,40,10,4.8
4158,61,32,17,8.6
4159,12,49,15,3.8
4160,90,21,14,8.4
4161,72,44,20,2.1
4162,58,56,28,2.6
4163,85,7,27,9.6
4164,56,16,24,8.6
4165,64,43,21,4.5
4166,73,16,21,6.7
4167,74,6,8,9.5
4168,90,50,9,2.9
4169,76,26,27,1.5
4170,99,27,18,5.8
4171,24,34,24,2.3
4172,41,9,14,2.7
4173,77,13,18,9.0
4174,27,25,5,1.1
4175,92,15,15,8.4
4176,52,9,27,5.7
4177,44,39,22,6.0
4178,87,31,20,7.0
4179,67,53,22,4.9
4180,42,6,12,2.0
4181,23,28,14,1.9
4182,43,35,14,7.8
4183,70,37,9,3.0
4184,13,43,14,1.3
4185,97,34,22,9.8
4186,68,50,25,9.8
4187,38,41,28,4.4
4188,92,55,10,1.2
4189,15,32,7,7.5
4190,58,35,12,8.5
4191,49,15,13,2.1
4192,92,27,9,2.2
4193,74,6,6,8.4
4194,78,44,6,9.3
4195,36,45,11,8.1
4196,89,31,21,2.8
4197,15,39,14,4.7
4198,22,6,16,6.4
4199,73,43,6,2.4
4200,71,41,14,2.9
4201,28,25,24,3.5
4202,85,9,5,5.6
4203,89,56,8,5.6
4204,52,49,17,8.3
4205,83,25,16,7.8
4206,98,33,15,9.2
4207,29,24,14,8.5
4208,77,42,19,3.3
4209,53,24,9,4.0
4210,32,54,29,5.5
4211,11,29,21,1.1
4212,31,6,9,9.1
4213,66,36,6,1.4
4214,81,30,13,3.9
4215,16,10,10,6.1
4216,87,45,22,5.7
4217,65,7,18,6.9
4218,76,37,23,5.7
4219,25,5,18,3.1
4220,92,55,12,2.8
4221,60,9,21,9.2
4222,91,17,7,3.4
4223,89,23,14,3.5
4224,81,16,21,4.7
4225,21,52,15,2.3
4226,62,29,12,5.6
4227,84,55,5,7.0
4228,14,39,17,8.1
4229,36,16,25,7.4
4230,21,34,8,2.3
4231,26,9,11,5.1
4232,15,38,18,1.3
4233,14,26,9,1.2
4234,66,43,28,5.0
4235,37,17,15,3.3
4236,87,51,21,7.2
4237,78,58,9,7.5
4238,68,7,24,9.1
4239,42,57,7,7.8
4240,71,24,9,1.4
4241,59,35,19,4.3
4242,28,9,23,3.5
4243,95,28,20,4.5
4244,78,44,12,2.4
4245,75,58,17,1.9
4246,56,37,20,5.7
4247,48,12,7,7.5
4248,77,28,5,7.3
4249,42,54,13,5.1
4250,22,24,13,5.7
4251,93,20,26,5.6
4252,63,54,21,7.2
4253,16,56,28,1.4
4254,88,16,6,7.4
4255,96,17,13,6.2
4256,23,49,28,2.8
4257,96,46,23,1.4
4258,28,43,17,2.0
4259,63,29,9,5.7
4260,29,50,13,7.8
4261,38,36,17,4.0
4262,33,28,5,4.4
4263,91,52,29,9.4
4264,72,51,19,2.9
4265,83,48,8,1.9
4266,66,13,8,4.1
4267,17,44,24,7.7
4268,99,54,14,6.6
4269,71,27,29,4.7
4270,38,54,10,9.7
4271,83,17,28,7.6
4272,26,36,16,1.6
4273,75,54,24,7.7
4274,15,19,20,1.2
4275,67,40,7,6.9
4276,78,53,18,2.9
4277,37,9,5,7.3
4278,71,26,14,3.8
4279,50,20,19,8.9
4280,78,45,11,4.0
4281,91,14,8,6.6
4282,99,28,18,3.6
4283,93,22,28,9.3
4284,50,53,20,8.0
4285,58,22,18,3.2
4286,58,11,7,9.5
4287,85,8,21,4.2
4288,80,30,25,6.9
4289,12,9,18,7.7
4290,19,59,22,1.2
4291,98,20,7,9.6
4292,44,39,26,4.1
4293,89,30,23,2.7
4294,11,22,7,8.7
4295,33,33,16,7.3
4296,83,27,26,1.8
4297,47,57,9,2.1
4298,31,18,14,7.4
4299,35,19,13,1.7
4300,52,53,5,9.3
4301,64,37,17,7.7
4302,48,29,7,4.0
4303,38,25,23,4.3
4304,29,21,15,5.6
4305,50,27,20,4.2
4306,63,47,10,8.1
4307,29,21,28,9.8
4308,28,18,7,6.3
4309,93,33,23,5.0
4310,75,24,10,3.0
4311,39,34,12,6.9
4312,62,23,26,7.2
4313,43,57,17,7.2
4314,31,43,16,1.2
4315,76,17,14,9.1
4316,15,22,7,4.0
4317,88,27,8,7.7
4318,36,50,5,7.8
4319,19,37,17,6.9
4320,82,43,28,4.6
4321,57,44,8,6.5
4322,79,22,26,1.4
4323,68,13,15,7.9
4324,68,37,23,1.9
4325,11,36,15,4.6
4326,38,58,16,1.9
4327,77,21,15,8.5
4328,74,23,10,6.0
4329,92,31,16,7.2
4330,35,10,13,7.1
4331,98,39,29,8.6
4332,19,41,14,2.2
4333,62,38,7,6.9
4334,88,24,7,6.2
4335,68,29,24,1.3
4336,31,8,27,2.8
4337,60,14,20,3.4
4338,57,14,7,1.7
4339,30,28,14,4.2
4340,31,25,28,1.2
4341,39,15,15,6.0
4342,34,31,12,2.9
4343,37,20,10,3.6
4344,74,30,24,9.2
4345,54,34,15,5.5
4346,77,53,25,3.4
4347,16,20,16,6.4
4348,58,11,20,2.8
4349,18,20,22,1.7
4350,45,39,17,1.2
4351,92,20,26,9.6
4352,10,44,7,7.5
4353,19,16,19,8.2
4354,45,39,26,9.8
4355,82,53,25,9.4
4356,55,25,18,7.6
4357,41,54,22,7.2
4358,41,47,18,4.0
4359,15,40,9,1.9
4360,57,52,25,6.2
4361,47,21,18,6.2
4362,26,36,29,9.6
4363,83,45,12,5.0
4364,36,10,27,7.2
4365,63,28,19,6.2
4366,59,31,19,2.6
4367,44,24,23,6.3
4368,94,29,24,5.9
4369,34,6,10,5.4
4370,37,13,23,5.6
4371,24,32,29,2.5
4372,13,57,12,5.2
4373,82,42,10,6.5
4374,36,7,24,5.4
4375,35,24,27,5.4
4376,28,10,19,1.7
4377,26,43,7,2.7
4378,52,37,14,3.9
4379,50,59,19,4.8
4380,51,5,28,6.3
4381,59,41,20,8.8
4382,93,10,21,2.4
4383,49,49,23,1.1
4384,48,38,15,5.0
4385,32,51,20,4.9
4386,61,19,9,6.0
4387,56,49,9,8.5
4388,72,30,18,8.2
4389,78,18,22,1.9
4390,52,58,12,9.4
4391,57,11,9,2.0
4392,43,50,11,6.7
4393,49,35,20,7.1
4394,84,28,27,7.1
4395,70,35,18,3.4
4396,59,33,9,4.0
4397,76,46,28,5.9
4398,71,36,13,2.8
4399,67,21,8,1.2
4400,42,18,8,6.1
4401,84,44,20,5.2
4402,25,40,28,6.9
4403,91,52,21,2.3
4404,57,28,19,8.6
4405,19,49,8,2.3
4406,91,58,10,9.0
4407,47,31,20,5.0
4408,28,29,8,5.9
4409,45,36,10,9.1
4410,68,56,9,3.7
4411,72,22,20,2.6
4412,86,50,29,5.0
4413,55,22,20,3.2
4414,12,41,14,5.8
4415,83,30,13,3.5
4416,74,13,8,8.8
4417,17,39,18,6.5
4418,60,12,8,1.0
4419,90,24,16,8.2
4420,82,58,28,4.0
4421,15,46,14,3.9
4422,98,26,8,4.4
4423,48,23,22,6.7
4424,69,34,17,5.0
4425,37,57,17,6.7
4426,63,32,18,2.3
4427,46,39,22,9.7
4428,18,47,5,7.6
4429,91,15,25,3.3
4430,65,35,20,7.5
4431,68,53,19,6.2
4432,94,52,26,2.0
4433,11,43,29,2.6
4434,70,40,9,1.4
4435,67,34,10,8.3
4436,69,27,10,6.0
4437,49,23,7,3.9
4438,45,16,20,2.1
4439,46,19,16,5.4
4440,88,35,8,5.7
4441,27,47,5,7.3
4442,72,41,8,9.7
4443,31,41,5,4.9
4444,20,19,25,4.7
4445,67,33,12,4.3
4446,66,54,28,8.4
4447,86,47,9,2.4
4448,13,30,6,4.1
4449,95,48,16,7.5
4450,16,6,26,1.1
4451,70,24,21,3.6
4452,63,19,11,6.8
4453,97,56,15,2.7
4454,77,8,8,3.7
4455,88,26,9,5.4
4456,10,54,10,4.8
4457,64,42,15,2.0
4458,12,27,5,9.4
4459,87,30,29,1.4
4460,47,55,14,7.7
4461,10,15,24,1.6
4462,47,32,28,5.2
4463,94,6,25,2.6
4464,38,12,15,2.3
4465,14,33,28,2.1
4466,83,15,21,5.1
4467,30,41,12,5.6
4468,80,22,17,2.2
4469,76,59,24,9.8
4470,56,54,22,3.3
4471,93,18,26,5.1
4472,92,58,20,2.9
4473,44,14,6,5.4
4474,77,39,9,7.8
4475,78,13,22,5.7
4476,10,39,7,3.6
4477,77,15,26,3.2
4478,21,48,21,7.8
4479,69,16,20,2.1
4480,36,7,10,4.3
4481,65,57,23,2.4
4482,32,43,11,3.3
4483,34,18,22,2.4
4484,30,32,18,9.0
4485,70,15,10,7.6
4486,72,43,12,6.0
4487,61,29,19,3.0
4488,97,25,19,5.6
4489,34,14,19,5.7
4490,64,47,20,6.3
4491,55,19,5,1.5
4492,41,23,15,9.8
4493,64,52,29,5.2
4494,14,26,9,9.3
4495,45,25,9,1.1
4496,58,56,25,3.2
4497,67,48,10,1.9
4498,48,36,6,7.9
4499,89,54,10,3.9
4500,94,27,18,8.6
4501,70,17,15,8.5
4502,18,9,8,7.0
4503,15,8,28,7.0
4504,44,32,29,7.3
4505,48,18,13,7.1
4506,31,12,28,4.5
4507,50,13,7,7.1
4508,14,55,20,9.1
4509,51,39,15,4.0
4510,96,41,8,9.5
4511,90,25,5,1.1
4512,85,22,29,4.1
4513,96,37,25,2.2
4514,89,12,26,2.1
4515,76,55,20,8.3
4516,39,53,23,9.3
4517,66,21,20,8.0
4518,95,47,15,9.8
4519,82,35,12,2.9
4520,38,38,27,2.3
4521,46,10,5,5.7
4522,96,26,25,8.5
4523,22,18,13,1.4
4524,41,7,16,10.0
4525,55,16,26,6.4
4526,32,40,12,9.8
4527,54,16,21,4.3
4528,26,49,14,5.1
4529,94,6,11,7.8
4530,75,6,23,8.1
4531,15,19,29,3.1
4532,27,27,10,9.4
4533,31,33,25,8.8
4534,42,21,28,1.2
4535,39,36,28,2.2
4536,90,11,23,5.5
4537,41,34,22,5.1
4538,51,32,19,7.4
4539,87,18,6,1.8
4540,19,48,18,6.8
4541,45,34,25,6.5
4542,43,21,14,3.1
4543,82,36,20,5.9
4544,37,50,11,3.0
4545,20,10,12,2.3
4546,87,55,14,6.2
4547,48,28,19,9.8
4548,56,10,12,3.1
4549,28,31,17,4.2
4550,24,22,16,3.3
4551,37,28,12,3.4
4552,33,41,19,4.6
4553,81,28,16,7.3
4554,18,42,15,1.3
4555,56,38,23,9.6
4556,42,44,18,1.4
4557,71,51,22,8.9
4558,28,19,17,9.0
4559,76,15,8,5.7
4560,83,26,21,2.2
4561,49,58,23,6.1
4562,56,28,13,6.7
4563,74,5,27,8.7
4564,38,22,11,6.0
4565,59,48,5,4.7
4566,22,16,11,8.5
4567,10,47,11,9.8
4568,43,32,24,6.8
4569,57,44,11,8.9
4570,86,11,12,6.4
4571,57,27,20,7.2
4572,58,25,7,7.2
4573,73,38,17,7.3
4574,70,15,14,3.9
4575,38,26,22,6.2
4576,48,46,11,6.3
4577,97,39,25,3.8
4578,35,56,25,4.1
4579,26,33,9,7.9
4580,80,46,27,6.2
4581,22,32,29,2.3
4582,78,22,28,8.5
4583,35,18,26,8.9
4584,58,22,11,5.2
4585,76,32,29,2.9
4586,16,28,26,9.5
4587,67,12,21,8.9
4588,58,46,8,3.2
4589,62,58,28,1.9
4590,74,49,27,5.0
4591,71,57,20,7.1
4592,26,12,23,2.6
4593,52,8,14,5.6
4594,34,31,7,4.8
4595,12,40,7,9.0
4596,88,9,21,4.9
4597,38,37,14,5.8
4598,41,53,21,9.6
4599,35,38,26,3.7
4600,25,34,21,3.6
4601,34,12,25,8.2
4602,63,43,8,3.5
4603,37,51,25,8.5
4604,82,30,27,1.9
4605,65,41,10,2.0
4606,74,38,16,9.1
4607,95,11,29,5.9
4608,89,44,26,7.5
4609,50,32,29,3.0
4610,60,43,24,2.5
4611,80,43,21,8.5
4612,87,32,21,4.2
4613,38,18,14,5.1
4614,92,57,11,1.3
4615,28,54,20,4.5
4616,75,42,17,7.9
4617,50,8,7,8.4
4618,54,46,6,7.3
4619,24,22,20,7.2
4620,12,48,10,5.6
4621,20,52,10,5.8
4622,62,29,17,7.7
4623,55,11,11,3.2
4624,39,42,9,3.1
4625,66,32,28,9.5
4626,27,9,11,1.2
4627,60,7,6,2.3
4628,57,48,21,6.1
4629,75,35,17,7.6
4630,17,51,29,5.8
4631,31,46,25,4.2
4632,15,24,25,9.8
4633,85,23,20,7.3
4634,66,52,24,8.5
4635,45,15,6,1.4
4636,88,44,9,3.1
4637,66,7,22,4.4
4638,58,27,11,2.6
4639,54,11,15,1.7
4640,91,27,29,3.0
4641,75,11,29,5.8
4642,86,50,15,7.3
4643,54,38,26,8.0
4644,88,46,21,1.4
4645,29,23,20,4.9
4646,73,13,17,2.1
4647,76,52,26,4.9
4648,92,55,9,4.9
4649,12,22,24,5.5
4650,63,45,20,9.0
4651,87,52,26,8.2
4652,73,49,26,6.7
4653,49,46,20,9.0
4654,68,29,20,7.1
4655,64,56,18,8.4
4656,71,18,10,6.1
4657,13,48,6,5.7
4658,69,29,18,7.5
4659,84,23,20,1.2
4660,39,43,27,7.2
4661,11,59,24,9.4
4662,71,19,17,7.4
4663,58,20,19,1.3
4664,18,31,16,4.4
4665,40,44,13,8.3
4666,70,14,22,9.6
4667,88,8,25,4.3
4668,57,55,18,8.6
4669,34,23,24,8.8
4670,45,32,29,2.1
4671,17,25,8,8.6
4672,82,51,12,3.9
4673,67,18,12,6.3
4674,54,37,26,5.9
4675,71,52,26,7.0
4676,48,14,20,7.7
4677,67,23,28,5.0
4678,90,34,14,9.0
4679,92,26,29,8.3
4680,73,7,25,8.1
4681,53,41,21,5.1
4682,38,45,5,1.3
4683,68,22,22,5.4
4684,80,15,14,9.1
4685,18,52,25,2.7
4686,15,6,8,9.8
4687,38,16,5,8.3
4688,67,58,8,7.4
4689,26,10,8,7.1
4690,25,47,8,6.3
4691,96,44,21,7.5
4692,12,48,13,4.8
4693,30,33,23,8.6
4694,73,34,17,7.3
4695,99,6,8,7.9
4696,45,13,9,8.1
4697,95,51,17,1.8
4698,71,6,27,1.5
4699,51,33,20,8.2
4700,85,37,26,3.3
4701,51,14,9,6.2
4702,70,38,12,5.0
4703,22,48,20,1.2
4704,20,59,5,1.4
4705,63,12,27,8.4
4706,25,41,10,6.5
4707,17,58,15,5.7
4708,68,37,20,9.5
4709,66,51,9,2.6
4710,49,10,20,3.3
4711,68,48,11,7.8
4712,11,44,23,8.0
4713,85,49,5,4.6
4714,19,23,13,9.6
4715,53,36,22,9.4
4716,20,31,17,1.1
4717,88,5,19,2.6
4718,89,47,7,8.4
4719,90,56,28,4.0
4720,99,37,14,1.9
4721,11,44,13,8.1
4722,59,36,17,5.1
4723,21,9,20,5.4
4724,99,21,7,2.7
4725,32,12,26,6.9
4726,27,46,27,6.0
4727,71,38,19,2.9
4728,71,13,21,4.1
4729,47,27,18,6.4
4730,76,39,11,9.3
4731,47,54,24,9.3
4732,76,11,20,3.6
4733,70,19,25,7.6
4734,10,57,12,8.0
4735,54,58,8,8.3
4736,37,24,24,6.1
4737,30,54,28,1.1
4738,22,29,19,7.9
4739,36,7,9,2.0
4740,16,59,17,2.1
4741,31,50,10,6.5
4742,83,28,9,9.9
4743,62,38,21,3.2
4744,88,50,11,6.8
4745,88,26,10,3.7
4746,13,15,6,9.1
4747,32,52,15,6.3
4748,79,12,11,2.9
4749,97,43,26,3.4
4750,93,47,25,4.9
4751,93,39,12,2.1
4752,85,53,9,1.7
4753,42,50,22,7.1
4754,37,42,26,4.7
4755,17,12,20,7.5
4756,10,58,18,2.0
4757,46,41,16,6.5
4758,72,31,21,5.0
4759,31,32,9,1.5
4760,79,44,18,5.9
4761,30,38,10,1.7
4762,44,36,19,8.4
4763,88,19,11,6.7
4764,14,48,18,6.0
4765,69,21,22,2.2
4766,55,37,5,3.6
4767,59,51,10,5.4
4768,57,50,7,6.7
4769,15,56,9,2.6
4770,98,58,16,1.1
4771,65,20,15,4.1
4772,68,33,17,5.3
4773,38,13,20,2.7
4774,80,37,22,5.4
4775,86,53,21,4.0
4776,27,33,21,5.1
4777,11,17,15,4.1
4778,17,25,24,6.7
4779,84,25,14,1.4
4780,63,9,20,2.5
4781,47,14,6,4.9
4782,57,10,21,4.2
4783,36,55,26,4.5
4784,29,17,24,8.2
4785,21,5,14,9.0
4786,52,24,17,3.2
4787,70,51,16,8.5
4788,40,50,19,5.1
4789,70,12,11,3.5
4790,83,14,26,9.9
4791,76,13,25,8.4
4792,44,53,17,9.9
4793,24,45,16,2.5
4794,25,7,16,2.3
4795,22,15,6,5.5
4796,44,16,9,6.7
4797,84,14,29,2.5
4798,68,29,29,8.7
4799,30,53,6,5.8
4800,63,53,27,4.7
4801,84,29,24,6.4
4802,39,15,17,6.7
4803,57,58,7,1.4
4804,44,40,15,10.0
4805,95,43,20,4.3
4806,47,57,5,1.6
4807,40,30,23,8.7
4808,87,18,15,9.9
4809,33,43,13,8.3
4810,58,44,18,8.7
4811,41,5,13,6.6
4812,64,58,11,9.3
4813,88,8,20,1.3
4814,67,34,7,7.9
4815,12,16,23,7.0
4816,89,39,8,1.4
4817,78,17,11,5.9
4818,94,56,27,5.6
4819,19,35,16,7.2
4820,92,42,22,1.7
4821,34,47,9,8.2
4822,77,27,27,2.3
4823,70,8,27,4.8
4824,38,56,26,8.9
4825,28,20,14,6.0
4826,52,11,16,4.4
4827,75,26,12,1.4
4828,83,33,23,7.1
4829,70,15,19,9.9
4830,52,37,5,9.2
4831,34,33,7,7.5
4832,29,43,22,1.9
4833,57,16,22,3.2
4834,92,11,6,2.7
4835,96,59,9,4.2
4836,33,43,5,3.1
4837,20,46,14,3.2
4838,64,52,24,6.6
4839,37,30,14,3.9
4840,78,44,9,7.1
4841,72,13,22,9.5
4842,68,45,25,6.7
4843,14,38,19,7.8
4844,60,49,24,7.8
4845,30,17,12,4.0
4846,21,59,21,1.1
4847,59,59,16,1.5
4848,13,40,25,3.5
4849,51,29,16,7.2
4850,93,28,5,9.2
4851,47,48,8,9.6
4852,34,21,12,1.2
4853,23,6,5,9.9
4854,84,17,19,3.9
4855,41,35,22,8.6
4856,20,33,5,2.6
4857,70,54,15,1.6
4858,27,32,27,4.4
4859,36,31,6,8.7
4860,64,19,5,3.0
4861,63,35,16,2.4
4862,91,44,20,9.2
4863,96,19,26,9.4
4864,84,37,26,1.1
4865,30,24,14,7.5
4866,53,46,22,3.8
4867,14,16,19,4.4
4868,96,41,21,5.2
4869,50,13,14,4.8
4870,68,27,7,5.6
4871,98,12,25,6.2
4872,63,36,20,5.2
4873,83,52,10,7.3
4874,31,18,7,7.5
4875,92,31,13,5.0
4876,74,29,15,2.3
4877,73,17,25,6.8
4878,80,59,17,8.0
4879,13,25,22,6.7
4880,74,49,26,6.3
4881,24,35,28,3.1
4882,85,41,26,6.8
4883,31,52,8,4.0
4884,95,47,26,9.3
4885,56,58,28,6.9
4886,90,9,12,3.5
4887,55,17,17,5.3
4888,23,32,14,8.6
4889,59,47,6,4.0
4890,29,29,12,5.7
4891,59,55,10,7.1
4892,42,39,20,7.8
4893,68,51,22,2.6
4894,52,43,21,6.1
4895,88,11,10,9.2
4896,21,42,17,9.7
4897,49,36,27,6.9
4898,29,7,18,9.9
4899,47,49,25,6.1
4900,12,43,14,5.0
4901,37,41,28,6.0
4902,65,59,15,2.0
4903,99,54,17,4.6
4904,22,26,16,5.1
4905,86,12,13,8.6
4906,75,21,8,7.8
4907,46,56,11,6.4
4908,58,31,28,4.1
4909,75,37,26,2.7
4910,45,50,6,4.1
4911,63,21,11,7.1
4912,35,46,13,3.4
4913,84,16,9,4.8
4914,81,52,19,4.5
4915,49,50,22,7.9
4916,52,31,8,9.0
4917,31,52,23,7.3
4918,29,12,24,4.1
4919,17,27,11,4.9
4920,38,46,12,2.3
4921,49,53,21,2.5
4922,99,33,17,2.5
4923,39,54,28,2.2
4924,90,24,25,2.6
4925,93,20,27,2.8
4926,64,21,15,2.0
4927,25,20,5,6.8
4928,55,23,6,9.9
4929,71,12,21,8.9
4930,16,42,9,1.4
4931,89,42,10,4.8
4932,54,57,29,8.7
4933,68,33,28,2.2
4934,65,45,11,8.6
4935,57,40,25,6.3
4936,36,30,19,9.4
4937,62,35,23,8.9
4938,96,48,20,7.1
4939,97,16,29,6.9
4940,82,59,17,2.9
4941,44,21,9,2.1
4942,60,19,7,4.7
4943,93,13,7,2.7
4944,46,43,23,1.9
4945,90,46,18,3.7
4946,66,52,20,8.7
4947,17,16,26,1.2
4948,88,36,21,3.6
4949,29,29,8,4.8
4950,62,43,17,5.6
4951,21,22,12,2.6
4952,58,19,23,9.7
4953,26,36,9,6.2
4954,73,10,6,5.7
4955,51,48,19,1.1
4956,38,47,6,5.4
4957,28,56,15,8.5
4958,20,39,17,3.0
4959,59,38,27,4.2
4960,80,42,14,1.2
4961,67,58,7,9.8
4962,43,9,9,1.6
4963,29,22,7,9.1
4964,59,20,10,3.8
4965,97,12,17,6.3
4966,19,29,14,7.1
4967,41,36,23,2.3
4968,61,30,12,5.0
4969,24,56,22,3.9
4970,93,26,7,1.5
4971,12,35,28,8.5
4972,46,47,28,1.4
4973,49,14,21,6.9
4974,81,16,12,3.8
4975,49,57,14,2.7
4976,65,32,6,7.0
4977,32,10,16,6.2
4978,20,24,27,3.8
4979,73,9,10,5.6
4980,17,27,6,3.2
4981,65,13,25,8.8
4982,69,33,27,3.8
4983,19,20,28,3.2
4984,48,58,7,7.8
4985,37,50,21,1.2
4986,58,26,11,3.4
4987,45,12,25,4.4
4988,22,24,9,8.9
4989,45,55,27,9.6
4990,35,18,5,7.4
4991,95,43,12,5.4
4992,13,41,16,6.8
4993,91,54,18,4.7
4994,73,38,20,3.7
4995,47,15,14,9.6
4996,97,58,19,2.0
4997,96,44,25,4.1
4998,31,37,28,9.1
4999,11,35,19,7.5
5000,40,58,14,1.3
